{
  "name": "Aircall Tashi Demo",
  "description": "When there is a trigger on a specified schedule, do action",
  "version": 2,
  "private": true,
  "concurrency": 1,
  "code": {
    "number": 0,
    "provider": "clock",
    "name": "scheduled_event",
    "as": "d8941a90",
    "title": null,
    "description": "<span class=\"provider\">Trigger</span> on a <span class=\"provider\">specified schedule</span>",
    "keyword": "trigger",
    "dynamicPickListSelection": {
    },
    "toggleCfg": {
    },
    "input": {
      "time_unit": "minutes",
      "trigger_every": "5"
    },
    "extended_input_schema": [
      {
        "control_type": "integer",
        "default": "5",
        "enforce_template_mode": true,
        "extends_schema": true,
        "hint": "Define repeating schedule. Enter whole numbers only.\n                        This field can be set to a minimum of 5 minutes.",
        "label": "Trigger every",
        "name": "trigger_every",
        "optional": false,
        "suffix": {
          "text": "minutes"
        },
        "type": "string"
      },
      {
        "control_type": "date_time",
        "enforce_template_mode": true,
        "extends_schema": true,
        "hint": "Set date and time to start or leave blank to start immediately. <b>Once recipe has been run or tested, value cannot be changed.</b>",
        "label": "Start after",
        "name": "start_after",
        "optional": true,
        "parse_output": "date_time_conversion",
        "since_field": true,
        "type": "date_time",
        "render_input": "date_time_conversion"
      }
    ],
    "block": [
      {
        "number": 1,
        "provider": "salesforce",
        "name": "search_sobjects",
        "as": "f5e0794f",
        "title": "Search Opportunities",
        "description": "Search for <span class=\"provider\">Opportunities</span> in <span class=\"provider\">Salesforce</span>",
        "keyword": "action",
        "dynamicPickListSelection": {
          "sobject_name": "Opportunity"
        },
        "toggleCfg": {
        },
        "input": {
          "limit": "150",
          "sobject_name": "Opportunity"
        },
        "extended_output_schema": [
          {
            "label": "Opportunities",
            "name": "Opportunity",
            "of": "object",
            "properties": [
              {
                "control_type": "text",
                "label": "Account ID",
                "foreign_key": "Account",
                "fetch_with": "get_custom_object(id, sobject_name: Account)",
                "join_point_label": "Account",
                "optional": true,
                "custom": false,
                "sfdc_createable": true,
                "sfdc_updateable": true,
                "type": "string",
                "name": "AccountId"
              },
              {
                "name": "get_custom_object+AccountId",
                "type": "object",
                "label": "Account",
                "fetch_with": "get_custom_object(AccountId>id, sobject_name: Account)",
                "join_point": true,
                "properties": [

                ]
              },
              {
                "control_type": "number",
                "label": "Amount",
                "parse_output": "float_conversion",
                "optional": true,
                "custom": false,
                "sfdc_createable": true,
                "sfdc_updateable": true,
                "type": "number",
                "name": "Amount"
              },
              {
                "control_type": "text",
                "label": "Campaign ID",
                "foreign_key": "Campaign",
                "fetch_with": "get_custom_object(id, sobject_name: Campaign)",
                "join_point_label": "Campaign",
                "optional": true,
                "custom": false,
                "sfdc_createable": true,
                "sfdc_updateable": true,
                "type": "string",
                "name": "CampaignId"
              },
              {
                "name": "get_custom_object+CampaignId",
                "type": "object",
                "label": "Campaign",
                "fetch_with": "get_custom_object(CampaignId>id, sobject_name: Campaign)",
                "join_point": true,
                "properties": [

                ]
              },
              {
                "control_type": "date",
                "label": "Close Date",
                "render_input": "render_iso8601_date",
                "parse_output": "parse_iso8601_date",
                "custom": false,
                "sfdc_createable": true,
                "sfdc_updateable": true,
                "type": "date_time",
                "name": "CloseDate"
              },
              {
                "control_type": "checkbox",
                "label": "Closed",
                "render_input": {
                },
                "parse_output": {
                },
                "toggle_hint": "Select from option list",
                "toggle_field": {
                  "label": "Closed",
                  "control_type": "text",
                  "toggle_hint": "Use custom value",
                  "optional": true,
                  "custom": false,
                  "sfdc_createable": false,
                  "sfdc_updateable": false,
                  "type": "boolean",
                  "name": "IsClosed"
                },
                "optional": true,
                "custom": false,
                "sfdc_createable": false,
                "sfdc_updateable": false,
                "type": "boolean",
                "name": "IsClosed"
              },
              {
                "control_type": "text",
                "label": "Contact ID",
                "optional": true,
                "custom": false,
                "sfdc_createable": true,
                "sfdc_updateable": false,
                "type": "string",
                "name": "ContactId"
              },
              {
                "control_type": "text",
                "label": "Created By ID",
                "foreign_key": "User",
                "fetch_with": "get_custom_object(id, sobject_name: User)",
                "join_point_label": "Created  by",
                "optional": true,
                "custom": false,
                "sfdc_createable": false,
                "sfdc_updateable": false,
                "type": "string",
                "name": "CreatedById"
              },
              {
                "name": "get_custom_object+CreatedById",
                "type": "object",
                "label": "Created  by",
                "fetch_with": "get_custom_object(CreatedById>id, sobject_name: User)",
                "join_point": true,
                "properties": [

                ]
              },
              {
                "control_type": "date_time",
                "label": "Created Date",
                "render_input": "render_iso8601_timestamp",
                "parse_output": "parse_iso8601_timestamp",
                "optional": true,
                "custom": false,
                "sfdc_createable": false,
                "sfdc_updateable": false,
                "type": "date_time",
                "name": "CreatedDate"
              },
              {
                "control_type": "checkbox",
                "label": "Deleted",
                "render_input": {
                },
                "parse_output": {
                },
                "toggle_hint": "Select from option list",
                "toggle_field": {
                  "label": "Deleted",
                  "control_type": "text",
                  "toggle_hint": "Use custom value",
                  "optional": true,
                  "custom": false,
                  "sfdc_createable": false,
                  "sfdc_updateable": false,
                  "type": "boolean",
                  "name": "IsDeleted"
                },
                "optional": true,
                "custom": false,
                "sfdc_createable": false,
                "sfdc_updateable": false,
                "type": "boolean",
                "name": "IsDeleted"
              },
              {
                "control_type": "text-area",
                "label": "Description",
                "optional": true,
                "custom": false,
                "sfdc_createable": true,
                "sfdc_updateable": true,
                "type": "string",
                "name": "Description"
              },
              {
                "control_type": "number",
                "label": "Expected Amount",
                "parse_output": "float_conversion",
                "optional": true,
                "custom": false,
                "sfdc_createable": false,
                "sfdc_updateable": false,
                "type": "number",
                "name": "ExpectedRevenue"
              },
              {
                "control_type": "text",
                "label": "Fiscal Period",
                "optional": true,
                "custom": false,
                "sfdc_createable": false,
                "sfdc_updateable": false,
                "type": "string",
                "name": "Fiscal"
              },
              {
                "control_type": "number",
                "label": "Fiscal Quarter",
                "parse_output": "integer_conversion",
                "optional": true,
                "custom": false,
                "sfdc_createable": false,
                "sfdc_updateable": false,
                "type": "integer",
                "name": "FiscalQuarter"
              },
              {
                "control_type": "number",
                "label": "Fiscal Year",
                "parse_output": "integer_conversion",
                "optional": true,
                "custom": false,
                "sfdc_createable": false,
                "sfdc_updateable": false,
                "type": "integer",
                "name": "FiscalYear"
              },
              {
                "control_type": "select",
                "label": "Forecast Category",
                "pick_list": "sobject_field_values_list",
                "pick_list_params": {
                  "sobject_name": "\"Opportunity\"",
                  "field_name": "\"ForecastCategory\""
                },
                "toggle_hint": "Select from list",
                "toggle_field": {
                  "control_type": "text",
                  "label": "Forecast Category",
                  "toggle_hint": "Enter custom value",
                  "custom": false,
                  "sfdc_createable": false,
                  "sfdc_updateable": false,
                  "type": "string",
                  "name": "ForecastCategory"
                },
                "custom": false,
                "sfdc_createable": false,
                "sfdc_updateable": false,
                "type": "string",
                "name": "ForecastCategory"
              },
              {
                "control_type": "select",
                "label": "Forecast Category",
                "pick_list": "sobject_field_values_list",
                "pick_list_params": {
                  "sobject_name": "\"Opportunity\"",
                  "field_name": "\"ForecastCategoryName\""
                },
                "toggle_hint": "Select from list",
                "toggle_field": {
                  "control_type": "text",
                  "label": "Forecast Category",
                  "toggle_hint": "Enter custom value",
                  "optional": true,
                  "custom": false,
                  "sfdc_createable": true,
                  "sfdc_updateable": true,
                  "type": "string",
                  "name": "ForecastCategoryName"
                },
                "optional": true,
                "custom": false,
                "sfdc_createable": true,
                "sfdc_updateable": true,
                "type": "string",
                "name": "ForecastCategoryName"
              },
              {
                "control_type": "checkbox",
                "label": "Has Line Item",
                "render_input": {
                },
                "parse_output": {
                },
                "toggle_hint": "Select from option list",
                "toggle_field": {
                  "label": "Has Line Item",
                  "control_type": "text",
                  "toggle_hint": "Use custom value",
                  "optional": true,
                  "custom": false,
                  "sfdc_createable": false,
                  "sfdc_updateable": false,
                  "type": "boolean",
                  "name": "HasOpportunityLineItem"
                },
                "optional": true,
                "custom": false,
                "sfdc_createable": false,
                "sfdc_updateable": false,
                "type": "boolean",
                "name": "HasOpportunityLineItem"
              },
              {
                "control_type": "checkbox",
                "label": "Has Open Activity",
                "render_input": {
                },
                "parse_output": {
                },
                "toggle_hint": "Select from option list",
                "toggle_field": {
                  "label": "Has Open Activity",
                  "control_type": "text",
                  "toggle_hint": "Use custom value",
                  "optional": true,
                  "custom": false,
                  "sfdc_createable": false,
                  "sfdc_updateable": false,
                  "type": "boolean",
                  "name": "HasOpenActivity"
                },
                "optional": true,
                "custom": false,
                "sfdc_createable": false,
                "sfdc_updateable": false,
                "type": "boolean",
                "name": "HasOpenActivity"
              },
              {
                "control_type": "checkbox",
                "label": "Has Overdue Task",
                "render_input": {
                },
                "parse_output": {
                },
                "toggle_hint": "Select from option list",
                "toggle_field": {
                  "label": "Has Overdue Task",
                  "control_type": "text",
                  "toggle_hint": "Use custom value",
                  "optional": true,
                  "custom": false,
                  "sfdc_createable": false,
                  "sfdc_updateable": false,
                  "type": "boolean",
                  "name": "HasOverdueTask"
                },
                "optional": true,
                "custom": false,
                "sfdc_createable": false,
                "sfdc_updateable": false,
                "type": "boolean",
                "name": "HasOverdueTask"
              },
              {
                "control_type": "date",
                "label": "Last Activity",
                "render_input": "render_iso8601_date",
                "parse_output": "parse_iso8601_date",
                "optional": true,
                "custom": false,
                "sfdc_createable": false,
                "sfdc_updateable": false,
                "type": "date_time",
                "name": "LastActivityDate"
              },
              {
                "control_type": "text",
                "label": "Last Modified By ID",
                "foreign_key": "User",
                "fetch_with": "get_custom_object(id, sobject_name: User)",
                "join_point_label": "Last  modified  by",
                "optional": true,
                "custom": false,
                "sfdc_createable": false,
                "sfdc_updateable": false,
                "type": "string",
                "name": "LastModifiedById"
              },
              {
                "name": "get_custom_object+LastModifiedById",
                "type": "object",
                "label": "Last  modified  by",
                "fetch_with": "get_custom_object(LastModifiedById>id, sobject_name: User)",
                "join_point": true,
                "properties": [

                ]
              },
              {
                "control_type": "date_time",
                "label": "Last Modified Date",
                "render_input": "render_iso8601_timestamp",
                "parse_output": "parse_iso8601_timestamp",
                "optional": true,
                "custom": false,
                "sfdc_createable": false,
                "sfdc_updateable": false,
                "type": "date_time",
                "name": "LastModifiedDate"
              },
              {
                "control_type": "date_time",
                "label": "Last Referenced Date",
                "render_input": "render_iso8601_timestamp",
                "parse_output": "parse_iso8601_timestamp",
                "optional": true,
                "custom": false,
                "sfdc_createable": false,
                "sfdc_updateable": false,
                "type": "date_time",
                "name": "LastReferencedDate"
              },
              {
                "control_type": "date_time",
                "label": "Last Stage Change Date",
                "render_input": "render_iso8601_timestamp",
                "parse_output": "parse_iso8601_timestamp",
                "optional": true,
                "custom": false,
                "sfdc_createable": false,
                "sfdc_updateable": false,
                "type": "date_time",
                "name": "LastStageChangeDate"
              },
              {
                "control_type": "date_time",
                "label": "Last Viewed Date",
                "render_input": "render_iso8601_timestamp",
                "parse_output": "parse_iso8601_timestamp",
                "optional": true,
                "custom": false,
                "sfdc_createable": false,
                "sfdc_updateable": false,
                "type": "date_time",
                "name": "LastViewedDate"
              },
              {
                "control_type": "select",
                "label": "Lead Source",
                "pick_list": "sobject_field_values_list",
                "pick_list_params": {
                  "sobject_name": "\"Opportunity\"",
                  "field_name": "\"LeadSource\""
                },
                "toggle_hint": "Select from list",
                "toggle_field": {
                  "control_type": "text",
                  "label": "Lead Source",
                  "toggle_hint": "Enter custom value",
                  "optional": true,
                  "custom": false,
                  "sfdc_createable": true,
                  "sfdc_updateable": true,
                  "type": "string",
                  "name": "LeadSource"
                },
                "optional": true,
                "custom": false,
                "sfdc_createable": true,
                "sfdc_updateable": true,
                "type": "string",
                "name": "LeadSource"
              },
              {
                "control_type": "text",
                "label": "Name",
                "event_title": true,
                "custom": false,
                "sfdc_createable": true,
                "sfdc_updateable": true,
                "type": "string",
                "name": "Name"
              },
              {
                "control_type": "text",
                "label": "Next Step",
                "optional": true,
                "custom": false,
                "sfdc_createable": true,
                "sfdc_updateable": true,
                "type": "string",
                "name": "NextStep"
              },
              {
                "control_type": "select",
                "label": "Opportunity Currency",
                "pick_list": "sobject_field_values_list",
                "pick_list_params": {
                  "sobject_name": "\"Opportunity\"",
                  "field_name": "\"CurrencyIsoCode\""
                },
                "toggle_hint": "Select from list",
                "toggle_field": {
                  "control_type": "text",
                  "label": "Opportunity Currency",
                  "toggle_hint": "Enter custom value",
                  "optional": true,
                  "custom": false,
                  "sfdc_createable": true,
                  "sfdc_updateable": true,
                  "type": "string",
                  "name": "CurrencyIsoCode"
                },
                "optional": true,
                "custom": false,
                "sfdc_createable": true,
                "sfdc_updateable": true,
                "type": "string",
                "name": "CurrencyIsoCode"
              },
              {
                "control_type": "text",
                "label": "Opportunity History ID",
                "foreign_key": "OpportunityHistory",
                "fetch_with": "get_custom_object(id, sobject_name: OpportunityHistory)",
                "join_point_label": "Opportunity  history",
                "optional": true,
                "custom": false,
                "sfdc_createable": false,
                "sfdc_updateable": false,
                "type": "string",
                "name": "LastAmountChangedHistoryId"
              },
              {
                "name": "get_custom_object+LastAmountChangedHistoryId",
                "type": "object",
                "label": "Opportunity  history",
                "fetch_with": "get_custom_object(LastAmountChangedHistoryId>id, sobject_name: OpportunityHistory)",
                "join_point": true,
                "properties": [

                ]
              },
              {
                "control_type": "text",
                "label": "Opportunity History ID",
                "foreign_key": "OpportunityHistory",
                "fetch_with": "get_custom_object(id, sobject_name: OpportunityHistory)",
                "join_point_label": "Opportunity  history",
                "optional": true,
                "custom": false,
                "sfdc_createable": false,
                "sfdc_updateable": false,
                "type": "string",
                "name": "LastCloseDateChangedHistoryId"
              },
              {
                "name": "get_custom_object+LastCloseDateChangedHistoryId",
                "type": "object",
                "label": "Opportunity  history",
                "fetch_with": "get_custom_object(LastCloseDateChangedHistoryId>id, sobject_name: OpportunityHistory)",
                "join_point": true,
                "properties": [

                ]
              },
              {
                "control_type": "text",
                "label": "Opportunity ID",
                "optional": true,
                "custom": false,
                "sfdc_createable": false,
                "sfdc_updateable": false,
                "type": "string",
                "name": "Id"
              },
              {
                "control_type": "select",
                "label": "Opportunity Type",
                "pick_list": "sobject_field_values_list",
                "pick_list_params": {
                  "sobject_name": "\"Opportunity\"",
                  "field_name": "\"Type\""
                },
                "toggle_hint": "Select from list",
                "toggle_field": {
                  "control_type": "text",
                  "label": "Opportunity Type",
                  "toggle_hint": "Enter custom value",
                  "optional": true,
                  "custom": false,
                  "sfdc_createable": true,
                  "sfdc_updateable": true,
                  "type": "string",
                  "name": "Type"
                },
                "optional": true,
                "custom": false,
                "sfdc_createable": true,
                "sfdc_updateable": true,
                "type": "string",
                "name": "Type"
              },
              {
                "control_type": "text",
                "label": "Owner ID",
                "foreign_key": "User",
                "fetch_with": "get_custom_object(id, sobject_name: User)",
                "join_point_label": "Owner",
                "optional": true,
                "custom": false,
                "sfdc_createable": true,
                "sfdc_updateable": true,
                "type": "string",
                "name": "OwnerId"
              },
              {
                "name": "get_custom_object+OwnerId",
                "type": "object",
                "label": "Owner",
                "fetch_with": "get_custom_object(OwnerId>id, sobject_name: User)",
                "join_point": true,
                "properties": [

                ]
              },
              {
                "control_type": "text",
                "label": "Price Book ID",
                "foreign_key": "Pricebook2",
                "fetch_with": "get_custom_object(id, sobject_name: Pricebook2)",
                "join_point_label": "Price  book",
                "optional": true,
                "custom": false,
                "sfdc_createable": true,
                "sfdc_updateable": true,
                "type": "string",
                "name": "Pricebook2Id"
              },
              {
                "name": "get_custom_object+Pricebook2Id",
                "type": "object",
                "label": "Price  book",
                "fetch_with": "get_custom_object(Pricebook2Id>id, sobject_name: Pricebook2)",
                "join_point": true,
                "properties": [

                ]
              },
              {
                "control_type": "checkbox",
                "label": "Private",
                "render_input": {
                },
                "parse_output": {
                },
                "toggle_hint": "Select from option list",
                "toggle_field": {
                  "label": "Private",
                  "control_type": "text",
                  "toggle_hint": "Use custom value",
                  "optional": true,
                  "custom": false,
                  "sfdc_createable": true,
                  "sfdc_updateable": true,
                  "type": "boolean",
                  "name": "IsPrivate"
                },
                "optional": true,
                "custom": false,
                "sfdc_createable": true,
                "sfdc_updateable": true,
                "type": "boolean",
                "name": "IsPrivate"
              },
              {
                "control_type": "text",
                "label": "Probability (%)",
                "optional": true,
                "custom": false,
                "sfdc_createable": true,
                "sfdc_updateable": true,
                "type": "string",
                "name": "Probability"
              },
              {
                "control_type": "number",
                "label": "Push Count",
                "parse_output": "integer_conversion",
                "optional": true,
                "custom": false,
                "sfdc_createable": false,
                "sfdc_updateable": false,
                "type": "integer",
                "name": "PushCount"
              },
              {
                "control_type": "number",
                "label": "Quantity",
                "parse_output": "float_conversion",
                "optional": true,
                "custom": false,
                "sfdc_createable": true,
                "sfdc_updateable": true,
                "type": "number",
                "name": "TotalOpportunityQuantity"
              },
              {
                "control_type": "select",
                "label": "Stage",
                "pick_list": "sobject_field_values_list",
                "pick_list_params": {
                  "sobject_name": "\"Opportunity\"",
                  "field_name": "\"StageName\""
                },
                "toggle_hint": "Select from list",
                "toggle_field": {
                  "control_type": "text",
                  "label": "Stage",
                  "toggle_hint": "Enter custom value",
                  "custom": false,
                  "sfdc_createable": true,
                  "sfdc_updateable": true,
                  "type": "string",
                  "name": "StageName"
                },
                "custom": false,
                "sfdc_createable": true,
                "sfdc_updateable": true,
                "type": "string",
                "name": "StageName"
              },
              {
                "control_type": "date_time",
                "label": "System Modstamp",
                "render_input": "render_iso8601_timestamp",
                "parse_output": "parse_iso8601_timestamp",
                "optional": true,
                "custom": false,
                "sfdc_createable": false,
                "sfdc_updateable": false,
                "type": "date_time",
                "name": "SystemModstamp"
              },
              {
                "control_type": "checkbox",
                "label": "Won",
                "render_input": {
                },
                "parse_output": {
                },
                "toggle_hint": "Select from option list",
                "toggle_field": {
                  "label": "Won",
                  "control_type": "text",
                  "toggle_hint": "Use custom value",
                  "optional": true,
                  "custom": false,
                  "sfdc_createable": false,
                  "sfdc_updateable": false,
                  "type": "boolean",
                  "name": "IsWon"
                },
                "optional": true,
                "custom": false,
                "sfdc_createable": false,
                "sfdc_updateable": false,
                "type": "boolean",
                "name": "IsWon"
              },
              {
                "control_type": "text",
                "label": "Cancellation Workflow",
                "optional": true,
                "custom": true,
                "sfdc_createable": true,
                "sfdc_updateable": true,
                "type": "string",
                "name": "Cancellation_Workflow__c"
              },
              {
                "control_type": "text",
                "label": "Current Generator(s)",
                "optional": true,
                "custom": true,
                "sfdc_createable": true,
                "sfdc_updateable": true,
                "type": "string",
                "name": "CurrentGenerators__c"
              },
              {
                "control_type": "select",
                "label": "Delivery/Installation Status",
                "pick_list": "sobject_field_values_list",
                "pick_list_params": {
                  "sobject_name": "\"Opportunity\"",
                  "field_name": "\"DeliveryInstallationStatus__c\""
                },
                "toggle_hint": "Select from list",
                "toggle_field": {
                  "control_type": "text",
                  "label": "Delivery/Installation Status",
                  "toggle_hint": "Enter custom value",
                  "optional": true,
                  "custom": true,
                  "sfdc_createable": true,
                  "sfdc_updateable": true,
                  "type": "string",
                  "name": "DeliveryInstallationStatus__c"
                },
                "optional": true,
                "custom": true,
                "sfdc_createable": true,
                "sfdc_updateable": true,
                "type": "string",
                "name": "DeliveryInstallationStatus__c"
              },
              {
                "control_type": "text",
                "label": "Main Competitor(s)",
                "optional": true,
                "custom": true,
                "sfdc_createable": true,
                "sfdc_updateable": true,
                "type": "string",
                "name": "MainCompetitors__c"
              },
              {
                "control_type": "text",
                "label": "Order Number",
                "optional": true,
                "custom": true,
                "sfdc_createable": true,
                "sfdc_updateable": true,
                "type": "string",
                "name": "OrderNumber__c"
              },
              {
                "control_type": "text",
                "label": "Tracking Number",
                "optional": true,
                "custom": true,
                "sfdc_createable": true,
                "sfdc_updateable": true,
                "type": "string",
                "name": "TrackingNumber__c"
              },
              {
                "control_type": "text",
                "label": "customAshwin",
                "optional": true,
                "custom": true,
                "sfdc_createable": true,
                "sfdc_updateable": true,
                "type": "string",
                "name": "customAshwin__c"
              },
              {
                "control_type": "text",
                "label": "demoCFWork",
                "optional": true,
                "custom": true,
                "sfdc_createable": true,
                "sfdc_updateable": true,
                "type": "string",
                "name": "demoCFWork__c"
              },
              {
                "properties": [
                  {
                    "control_type": "number",
                    "label": "Total size",
                    "parse_output": "integer_conversion",
                    "type": "integer",
                    "name": "totalSize"
                  },
                  {
                    "name": "records",
                    "type": "array",
                    "of": "object",
                    "label": "Files",
                    "properties": [
                      {
                        "control_type": "text",
                        "label": "ID",
                        "type": "string",
                        "name": "Id"
                      },
                      {
                        "control_type": "number",
                        "label": "Content size",
                        "parse_output": "integer_conversion",
                        "type": "integer",
                        "name": "ContentSize"
                      },
                      {
                        "control_type": "url",
                        "label": "Content URL",
                        "type": "string",
                        "name": "ContentUrl"
                      },
                      {
                        "control_type": "text",
                        "label": "File extension",
                        "type": "string",
                        "name": "FileExtension"
                      },
                      {
                        "control_type": "text",
                        "label": "File type",
                        "type": "string",
                        "name": "FileType"
                      },
                      {
                        "control_type": "text",
                        "label": "Parent ID",
                        "type": "string",
                        "name": "ParentId"
                      },
                      {
                        "control_type": "text",
                        "label": "Record type",
                        "type": "string",
                        "name": "RecordType"
                      },
                      {
                        "control_type": "text",
                        "label": "Title",
                        "type": "string",
                        "name": "Title"
                      }
                    ]
                  }
                ],
                "label": "Combined attachments",
                "sfdc_field_type": "CombinedAttachment",
                "type": "object",
                "name": "CombinedAttachments"
              }
            ],
            "type": "array"
          },
          {
            "control_type": "number",
            "label": "List size",
            "name": "list_size",
            "parse_output": "integer_conversion",
            "type": "integer"
          }
        ],
        "extended_input_schema": [
          {
            "control_type": "text",
            "custom": false,
            "label": "Account ID",
            "name": "AccountId",
            "optional": true,
            "type": "string",
            "sfdc_createable": true,
            "sfdc_updateable": true
          },
          {
            "control_type": "number",
            "custom": false,
            "label": "Amount",
            "name": "Amount",
            "optional": true,
            "parse_output": "float_conversion",
            "type": "number",
            "sfdc_createable": true,
            "sfdc_updateable": true
          },
          {
            "control_type": "text",
            "custom": false,
            "label": "Campaign ID",
            "name": "CampaignId",
            "optional": true,
            "type": "string",
            "sfdc_createable": true,
            "sfdc_updateable": true
          },
          {
            "control_type": "date",
            "custom": false,
            "label": "Close Date",
            "name": "CloseDate",
            "optional": true,
            "parse_output": "parse_iso8601_date",
            "type": "date_time",
            "render_input": "render_iso8601_date",
            "sfdc_createable": true,
            "sfdc_updateable": true
          },
          {
            "control_type": "checkbox",
            "custom": false,
            "label": "Closed",
            "name": "IsClosed",
            "optional": true,
            "parse_output": {
            },
            "toggle_field": {
              "label": "Closed",
              "control_type": "text",
              "toggle_hint": "Use custom value",
              "optional": true,
              "custom": false,
              "sfdc_createable": false,
              "sfdc_updateable": false,
              "type": "boolean",
              "name": "IsClosed"
            },
            "toggle_hint": "Select from option list",
            "type": "boolean",
            "render_input": {
            },
            "sfdc_createable": false,
            "sfdc_updateable": false
          },
          {
            "control_type": "text",
            "custom": false,
            "label": "Contact ID",
            "name": "ContactId",
            "optional": true,
            "type": "string",
            "sfdc_createable": true,
            "sfdc_updateable": false
          },
          {
            "control_type": "text",
            "custom": false,
            "label": "Created By ID",
            "name": "CreatedById",
            "optional": true,
            "type": "string",
            "sfdc_createable": false,
            "sfdc_updateable": false
          },
          {
            "control_type": "date_time",
            "custom": false,
            "label": "Created Date",
            "name": "CreatedDate",
            "optional": true,
            "parse_output": "parse_iso8601_timestamp",
            "type": "date_time",
            "render_input": "render_iso8601_timestamp",
            "sfdc_createable": false,
            "sfdc_updateable": false
          },
          {
            "control_type": "checkbox",
            "custom": false,
            "label": "Deleted",
            "name": "IsDeleted",
            "optional": true,
            "parse_output": {
            },
            "toggle_field": {
              "label": "Deleted",
              "control_type": "text",
              "toggle_hint": "Use custom value",
              "optional": true,
              "custom": false,
              "sfdc_createable": false,
              "sfdc_updateable": false,
              "type": "boolean",
              "name": "IsDeleted"
            },
            "toggle_hint": "Select from option list",
            "type": "boolean",
            "render_input": {
            },
            "sfdc_createable": false,
            "sfdc_updateable": false
          },
          {
            "control_type": "number",
            "custom": false,
            "label": "Expected Amount",
            "name": "ExpectedRevenue",
            "optional": true,
            "parse_output": "float_conversion",
            "type": "number",
            "sfdc_createable": false,
            "sfdc_updateable": false
          },
          {
            "control_type": "text",
            "custom": false,
            "label": "Fiscal Period",
            "name": "Fiscal",
            "optional": true,
            "type": "string",
            "sfdc_createable": false,
            "sfdc_updateable": false
          },
          {
            "control_type": "number",
            "custom": false,
            "label": "Fiscal Quarter",
            "name": "FiscalQuarter",
            "optional": true,
            "parse_output": "integer_conversion",
            "type": "integer",
            "sfdc_createable": false,
            "sfdc_updateable": false
          },
          {
            "control_type": "number",
            "custom": false,
            "label": "Fiscal Year",
            "name": "FiscalYear",
            "optional": true,
            "parse_output": "integer_conversion",
            "type": "integer",
            "sfdc_createable": false,
            "sfdc_updateable": false
          },
          {
            "control_type": "select",
            "custom": false,
            "label": "Forecast Category",
            "name": "ForecastCategory",
            "optional": true,
            "pick_list": "sobject_field_values_list",
            "pick_list_params": {
              "sobject_name": "\"Opportunity\"",
              "field_name": "\"ForecastCategory\""
            },
            "toggle_field": {
              "control_type": "text",
              "label": "Forecast Category",
              "toggle_hint": "Enter custom value",
              "custom": false,
              "sfdc_createable": false,
              "sfdc_updateable": false,
              "optional": true,
              "type": "string",
              "name": "ForecastCategory"
            },
            "toggle_hint": "Select from list",
            "type": "string",
            "sfdc_createable": false,
            "sfdc_updateable": false
          },
          {
            "control_type": "select",
            "custom": false,
            "label": "Forecast Category",
            "name": "ForecastCategoryName",
            "optional": true,
            "pick_list": "sobject_field_values_list",
            "pick_list_params": {
              "sobject_name": "\"Opportunity\"",
              "field_name": "\"ForecastCategoryName\""
            },
            "toggle_field": {
              "control_type": "text",
              "label": "Forecast Category",
              "toggle_hint": "Enter custom value",
              "optional": true,
              "custom": false,
              "sfdc_createable": true,
              "sfdc_updateable": true,
              "type": "string",
              "name": "ForecastCategoryName"
            },
            "toggle_hint": "Select from list",
            "type": "string",
            "sfdc_createable": true,
            "sfdc_updateable": true
          },
          {
            "control_type": "checkbox",
            "custom": false,
            "label": "Has Line Item",
            "name": "HasOpportunityLineItem",
            "optional": true,
            "parse_output": {
            },
            "toggle_field": {
              "label": "Has Line Item",
              "control_type": "text",
              "toggle_hint": "Use custom value",
              "optional": true,
              "custom": false,
              "sfdc_createable": false,
              "sfdc_updateable": false,
              "type": "boolean",
              "name": "HasOpportunityLineItem"
            },
            "toggle_hint": "Select from option list",
            "type": "boolean",
            "render_input": {
            },
            "sfdc_createable": false,
            "sfdc_updateable": false
          },
          {
            "control_type": "date",
            "custom": false,
            "label": "Last Activity",
            "name": "LastActivityDate",
            "optional": true,
            "parse_output": "parse_iso8601_date",
            "type": "date_time",
            "render_input": "render_iso8601_date",
            "sfdc_createable": false,
            "sfdc_updateable": false
          },
          {
            "control_type": "text",
            "custom": false,
            "label": "Last Modified By ID",
            "name": "LastModifiedById",
            "optional": true,
            "type": "string",
            "sfdc_createable": false,
            "sfdc_updateable": false
          },
          {
            "control_type": "date_time",
            "custom": false,
            "label": "Last Modified Date",
            "name": "LastModifiedDate",
            "optional": true,
            "parse_output": "parse_iso8601_timestamp",
            "type": "date_time",
            "render_input": "render_iso8601_timestamp",
            "sfdc_createable": false,
            "sfdc_updateable": false
          },
          {
            "control_type": "date_time",
            "custom": false,
            "label": "Last Referenced Date",
            "name": "LastReferencedDate",
            "optional": true,
            "parse_output": "parse_iso8601_timestamp",
            "type": "date_time",
            "render_input": "render_iso8601_timestamp",
            "sfdc_createable": false,
            "sfdc_updateable": false
          },
          {
            "control_type": "date_time",
            "custom": false,
            "label": "Last Stage Change Date",
            "name": "LastStageChangeDate",
            "optional": true,
            "parse_output": "parse_iso8601_timestamp",
            "type": "date_time",
            "render_input": "render_iso8601_timestamp",
            "sfdc_createable": false,
            "sfdc_updateable": false
          },
          {
            "control_type": "date_time",
            "custom": false,
            "label": "Last Viewed Date",
            "name": "LastViewedDate",
            "optional": true,
            "parse_output": "parse_iso8601_timestamp",
            "type": "date_time",
            "render_input": "render_iso8601_timestamp",
            "sfdc_createable": false,
            "sfdc_updateable": false
          },
          {
            "control_type": "select",
            "custom": false,
            "label": "Lead Source",
            "name": "LeadSource",
            "optional": true,
            "pick_list": "sobject_field_values_list",
            "pick_list_params": {
              "sobject_name": "\"Opportunity\"",
              "field_name": "\"LeadSource\""
            },
            "toggle_field": {
              "control_type": "text",
              "label": "Lead Source",
              "toggle_hint": "Enter custom value",
              "optional": true,
              "custom": false,
              "sfdc_createable": true,
              "sfdc_updateable": true,
              "type": "string",
              "name": "LeadSource"
            },
            "toggle_hint": "Select from list",
            "type": "string",
            "sfdc_createable": true,
            "sfdc_updateable": true
          },
          {
            "control_type": "text",
            "custom": false,
            "label": "Name",
            "name": "Name",
            "optional": true,
            "sticky": true,
            "type": "string",
            "event_title": true,
            "sfdc_createable": true,
            "sfdc_updateable": true
          },
          {
            "control_type": "text",
            "custom": false,
            "label": "Next Step",
            "name": "NextStep",
            "optional": true,
            "type": "string",
            "sfdc_createable": true,
            "sfdc_updateable": true
          },
          {
            "control_type": "select",
            "custom": false,
            "label": "Opportunity Currency",
            "name": "CurrencyIsoCode",
            "optional": true,
            "pick_list": "sobject_field_values_list",
            "pick_list_params": {
              "sobject_name": "\"Opportunity\"",
              "field_name": "\"CurrencyIsoCode\""
            },
            "toggle_field": {
              "control_type": "text",
              "label": "Opportunity Currency",
              "toggle_hint": "Enter custom value",
              "optional": true,
              "custom": false,
              "sfdc_createable": true,
              "sfdc_updateable": true,
              "type": "string",
              "name": "CurrencyIsoCode"
            },
            "toggle_hint": "Select from list",
            "type": "string",
            "sfdc_createable": true,
            "sfdc_updateable": true
          },
          {
            "control_type": "text",
            "custom": false,
            "label": "Opportunity History ID",
            "name": "LastAmountChangedHistoryId",
            "optional": true,
            "type": "string",
            "sfdc_createable": false,
            "sfdc_updateable": false
          },
          {
            "control_type": "text",
            "custom": false,
            "label": "Opportunity History ID",
            "name": "LastCloseDateChangedHistoryId",
            "optional": true,
            "type": "string",
            "sfdc_createable": false,
            "sfdc_updateable": false
          },
          {
            "control_type": "text",
            "custom": false,
            "label": "Opportunity ID",
            "name": "Id",
            "optional": true,
            "type": "string",
            "sfdc_createable": false,
            "sfdc_updateable": false
          },
          {
            "control_type": "select",
            "custom": false,
            "label": "Opportunity Type",
            "name": "Type",
            "optional": true,
            "pick_list": "sobject_field_values_list",
            "pick_list_params": {
              "sobject_name": "\"Opportunity\"",
              "field_name": "\"Type\""
            },
            "toggle_field": {
              "control_type": "text",
              "label": "Opportunity Type",
              "toggle_hint": "Enter custom value",
              "optional": true,
              "custom": false,
              "sfdc_createable": true,
              "sfdc_updateable": true,
              "type": "string",
              "name": "Type"
            },
            "toggle_hint": "Select from list",
            "type": "string",
            "sfdc_createable": true,
            "sfdc_updateable": true
          },
          {
            "control_type": "text",
            "custom": false,
            "label": "Owner ID",
            "name": "OwnerId",
            "optional": true,
            "type": "string",
            "sfdc_createable": true,
            "sfdc_updateable": true
          },
          {
            "control_type": "text",
            "custom": false,
            "label": "Price Book ID",
            "name": "Pricebook2Id",
            "optional": true,
            "type": "string",
            "sfdc_createable": true,
            "sfdc_updateable": true
          },
          {
            "control_type": "checkbox",
            "custom": false,
            "label": "Private",
            "name": "IsPrivate",
            "optional": true,
            "parse_output": {
            },
            "toggle_field": {
              "label": "Private",
              "control_type": "text",
              "toggle_hint": "Use custom value",
              "optional": true,
              "custom": false,
              "sfdc_createable": true,
              "sfdc_updateable": true,
              "type": "boolean",
              "name": "IsPrivate"
            },
            "toggle_hint": "Select from option list",
            "type": "boolean",
            "render_input": {
            },
            "sfdc_createable": true,
            "sfdc_updateable": true
          },
          {
            "control_type": "text",
            "custom": false,
            "label": "Probability (%)",
            "name": "Probability",
            "optional": true,
            "type": "string",
            "sfdc_createable": true,
            "sfdc_updateable": true
          },
          {
            "control_type": "number",
            "custom": false,
            "label": "Push Count",
            "name": "PushCount",
            "optional": true,
            "parse_output": "integer_conversion",
            "type": "integer",
            "sfdc_createable": false,
            "sfdc_updateable": false
          },
          {
            "control_type": "number",
            "custom": false,
            "label": "Quantity",
            "name": "TotalOpportunityQuantity",
            "optional": true,
            "parse_output": "float_conversion",
            "type": "number",
            "sfdc_createable": true,
            "sfdc_updateable": true
          },
          {
            "control_type": "select",
            "custom": false,
            "label": "Stage",
            "name": "StageName",
            "optional": true,
            "pick_list": "sobject_field_values_list",
            "pick_list_params": {
              "sobject_name": "\"Opportunity\"",
              "field_name": "\"StageName\""
            },
            "toggle_field": {
              "control_type": "text",
              "label": "Stage",
              "toggle_hint": "Enter custom value",
              "custom": false,
              "sfdc_createable": true,
              "sfdc_updateable": true,
              "optional": true,
              "type": "string",
              "name": "StageName"
            },
            "toggle_hint": "Select from list",
            "type": "string",
            "sfdc_createable": true,
            "sfdc_updateable": true
          },
          {
            "control_type": "date_time",
            "custom": false,
            "label": "System Modstamp",
            "name": "SystemModstamp",
            "optional": true,
            "parse_output": "parse_iso8601_timestamp",
            "type": "date_time",
            "render_input": "render_iso8601_timestamp",
            "sfdc_createable": false,
            "sfdc_updateable": false
          },
          {
            "control_type": "checkbox",
            "custom": false,
            "label": "Won",
            "name": "IsWon",
            "optional": true,
            "parse_output": {
            },
            "toggle_field": {
              "label": "Won",
              "control_type": "text",
              "toggle_hint": "Use custom value",
              "optional": true,
              "custom": false,
              "sfdc_createable": false,
              "sfdc_updateable": false,
              "type": "boolean",
              "name": "IsWon"
            },
            "toggle_hint": "Select from option list",
            "type": "boolean",
            "render_input": {
            },
            "sfdc_createable": false,
            "sfdc_updateable": false
          },
          {
            "control_type": "text",
            "custom": true,
            "label": "Cancellation Workflow",
            "name": "Cancellation_Workflow__c",
            "optional": true,
            "type": "string",
            "sfdc_createable": true,
            "sfdc_updateable": true
          },
          {
            "control_type": "text",
            "custom": true,
            "label": "Current Generator(s)",
            "name": "CurrentGenerators__c",
            "optional": true,
            "type": "string",
            "sfdc_createable": true,
            "sfdc_updateable": true
          },
          {
            "control_type": "select",
            "custom": true,
            "label": "Delivery/Installation Status",
            "name": "DeliveryInstallationStatus__c",
            "optional": true,
            "pick_list": "sobject_field_values_list",
            "pick_list_params": {
              "sobject_name": "\"Opportunity\"",
              "field_name": "\"DeliveryInstallationStatus__c\""
            },
            "toggle_field": {
              "control_type": "text",
              "label": "Delivery/Installation Status",
              "toggle_hint": "Enter custom value",
              "optional": true,
              "custom": true,
              "sfdc_createable": true,
              "sfdc_updateable": true,
              "type": "string",
              "name": "DeliveryInstallationStatus__c"
            },
            "toggle_hint": "Select from list",
            "type": "string",
            "sfdc_createable": true,
            "sfdc_updateable": true
          },
          {
            "control_type": "text",
            "custom": true,
            "label": "Main Competitor(s)",
            "name": "MainCompetitors__c",
            "optional": true,
            "type": "string",
            "sfdc_createable": true,
            "sfdc_updateable": true
          },
          {
            "control_type": "text",
            "custom": true,
            "label": "Order Number",
            "name": "OrderNumber__c",
            "optional": true,
            "type": "string",
            "sfdc_createable": true,
            "sfdc_updateable": true
          },
          {
            "control_type": "text",
            "custom": true,
            "label": "Tracking Number",
            "name": "TrackingNumber__c",
            "optional": true,
            "type": "string",
            "sfdc_createable": true,
            "sfdc_updateable": true
          },
          {
            "control_type": "text",
            "custom": true,
            "label": "customAshwin",
            "name": "customAshwin__c",
            "optional": true,
            "type": "string",
            "sfdc_createable": true,
            "sfdc_updateable": true
          },
          {
            "control_type": "text",
            "custom": true,
            "label": "demoCFWork",
            "name": "demoCFWork__c",
            "optional": true,
            "type": "string",
            "sfdc_createable": true,
            "sfdc_updateable": true
          },
          {
            "control_type": "checkbox",
            "disable_formula": true,
            "extends_schema": true,
            "hint": "Select <b>Yes</b> to obtain data from notes, attachments and files associated to the queried records. Default value is <b>Yes</b>.",
            "label": "Select combined attachments",
            "name": "include_combined_attachments",
            "optional": true,
            "parse_output": {
            },
            "support_pills": false,
            "type": "boolean",
            "render_input": {
            }
          }
        ],
        "uuid": "ed73b5a0-1fa7-4d77-865b-d657b9409218"
      },
      {
        "number": 2,
        "provider": "airtable",
        "name": "create_record",
        "as": "33829d2a",
        "title": null,
        "description": null,
        "keyword": "action",
        "dynamicPickListSelection": {
        },
        "toggleCfg": {
        },
        "input": {
        },
        "uuid": "b0edfdf4-bdbf-4ea3-9f05-3d13a4bf66b6"
      }
    ],
    "uuid": "2e784a88-eb3f-4bb2-8a30-c9fe46cdc62e",
    "unfinished": false
  },
  "config": [
    {
      "keyword": "application",
      "provider": "clock",
      "skip_validation": false,
      "account_id": null
    },
    {
      "keyword": "application",
      "provider": "salesforce",
      "skip_validation": false,
      "account_id": {
        "zip_name": "Demo/my_seventeenth_salesforce_account.connection.json",
        "name": "My seventeenth Salesforce account",
        "folder": "Demo"
      }
    },
    {
      "keyword": "application",
      "provider": "airtable",
      "skip_validation": false,
      "account_id": {
        "zip_name": "Airtable/my_airtable_account.connection.json",
        "name": "My Airtable account",
        "folder": "Airtable"
      }
    }
  ]
}