{
  "name": "Date format month",
  "description": "When there is a trigger event, do action",
  "version": 4,
  "private": true,
  "concurrency": 1,
  "code": {
    "number": 0,
    "provider": "clock",
    "name": "scheduled_event",
    "as": "5206d9f6",
    "title": null,
    "description": "<span class=\"provider\">Trigger</span> on a <span class=\"provider\">specified schedule</span>",
    "keyword": "trigger",
    "dynamicPickListSelection": {
    },
    "toggleCfg": {
    },
    "input": {
      "time_unit": "minutes",
      "trigger_every": "5"
    },
    "extended_input_schema": [
      {
        "type": "string",
        "name": "trigger_every",
        "control_type": "integer",
        "label": "Trigger every",
        "hint": "Define repeating schedule. Enter whole numbers only.\n                        This field can be set to a minimum of 5 minutes.",
        "default": "5",
        "optional": false,
        "extends_schema": true
      },
      {
        "type": "date_time",
        "name": "start_after",
        "control_type": "date_time",
        "label": "Start after",
        "hint": "Set date and time to start or leave blank to start immediately. <b>Once recipe has been run or tested, value cannot be changed.</b>",
        "optional": true,
        "extends_schema": true,
        "since_field": true,
        "render_input": "date_time_conversion",
        "parse_output": "date_time_conversion"
      }
    ],
    "block": [
      {
        "number": 1,
        "provider": "logger",
        "name": "log_message",
        "as": "76cace6e",
        "keyword": "action",
        "dynamicPickListSelection": {
        },
        "toggleCfg": {
        },
        "input": {
          "message": "=_('data.clock.5206d9f6.scheduled_time').strftime(\"%d-%b-%Y\")"
        },
        "uuid": "175d091e-dcf3-499e-a835-c9e166f414bc"
      }
    ],
    "uuid": "9e40da9b-7411-47e9-a793-d6a8b1a13391"
  },
  "config": [
    {
      "keyword": "application",
      "provider": "clock",
      "skip_validation": false,
      "account_id": null
    },
    {
      "keyword": "application",
      "provider": "logger",
      "skip_validation": false,
      "account_id": null
    }
  ]
}