{
  "name": "Demo ",
  "description": "When there is a trigger event, do action",
  "version": 1,
  "private": true,
  "concurrency": 1,
  "code": {
    "number": 0,
    "keyword": "trigger",
    "dynamicPickListSelection": {
    },
    "toggleCfg": {
    },
    "input": {
    },
    "block": [

    ],
    "uuid": "9a8e4588-d57d-4f85-aa9a-b9dd8e3247e5"
  },
  "config": [
    {
      "keyword": "application",
      "provider": "rest",
      "account_id": {
        "zip_name": "my_http_account.connection.json",
        "name": "My HTTP account",
        "folder": ""
      },
      "skip_validation": false
    },
    {
      "keyword": "application",
      "provider": "workato_webhooks",
      "skip_validation": false,
      "account_id": null
    },
    {
      "keyword": "application",
      "provider": "google_sheets",
      "account_id": {
        "zip_name": "Training/my_google_sheets_account.connection.json",
        "name": "My Google Sheets account",
        "folder": "Training"
      },
      "skip_validation": false
    },
    {
      "keyword": "application",
      "provider": "new_connector_2_connector_374775_1631095272",
      "account_id": {
        "zip_name": "my_chargebee_account.connection.json",
        "name": "My Chargebee account",
        "folder": "",
        "custom": true
      },
      "skip_validation": false
    }
  ]
}