{
  "name": "InvoiceApproval",
  "description": "When there is a trigger event, do action",
  "version": 13,
  "private": true,
  "concurrency": 1,
  "code": {
    "number": 0,
    "provider": "workato_service",
    "name": "receive_request",
    "as": "c829eb38",
    "title": null,
    "description": "New <span class=\"provider\">call</span> for <span class=\"provider\">invoice</span>",
    "keyword": "trigger",
    "dynamicPickListSelection": {
    },
    "toggleCfg": {
    },
    "input": {
      "service_name": "invoice",
      "request_schema_json": "[{\"name\":\"invoiceid\",\"type\":\"string\",\"optional\":false,\"control_type\":\"text\"},{\"name\":\"requestor\",\"type\":\"string\",\"optional\":false,\"control_type\":\"text\"}]"
    },
    "extended_output_schema": [
      {
        "type": "object",
        "name": "request",
        "label": "Recipe input",
        "properties": [
          {
            "control_type": "text",
            "label": "Invoiceid",
            "name": "invoiceid",
            "type": "string",
            "optional": false
          },
          {
            "control_type": "text",
            "label": "Requestor",
            "name": "requestor",
            "type": "string",
            "optional": false
          }
        ]
      }
    ],
    "block": [
      {
        "number": 1,
        "provider": "new_connector_2_connector_374775_1631095272",
        "name": "get_object",
        "as": "a810d040",
        "title": null,
        "description": "Get <span class=\"provider\">Invoice</span> in <span class=\"provider\">Chargebee</span>",
        "keyword": "action",
        "dynamicPickListSelection": {
          "object": "Invoice"
        },
        "toggleCfg": {
        },
        "input": {
          "object": "invoice",
          "id": "#{_('data.workato_service.c829eb38.request.invoiceid')}"
        },
        "extended_output_schema": [
          {
            "type": "string",
            "name": "id",
            "control_type": "text",
            "label": "ID",
            "optional": true
          },
          {
            "type": "string",
            "name": "customer_id",
            "control_type": "text",
            "label": "Customer ID",
            "hint": "Identifier of the customer for which this invoice needs to be created. Should be specified if subscription_id is not specified.",
            "sticky": true,
            "optional": true
          },
          {
            "type": "string",
            "name": "subscription_id",
            "control_type": "text",
            "label": "Subscription ID",
            "hint": "Identifier of the subscription for which this invoice needs to be created. Should be specified if customer_id is not specified.(not applicable for consolidated invoice).",
            "sticky": true,
            "optional": true
          },
          {
            "type": "string",
            "name": "po_number",
            "control_type": "text",
            "label": "Purchase order number",
            "optional": true
          },
          {
            "type": "number",
            "name": "recurring",
            "control_type": "checkbox",
            "label": "Recurring",
            "optional": true,
            "parse_output": "boolean_conversion"
          },
          {
            "type": "string",
            "name": "status",
            "control_type": "text",
            "label": "Status",
            "optional": true
          },
          {
            "type": "string",
            "name": "auto_collection",
            "control_type": "select",
            "label": "Auto collection",
            "hint": "Whether payments needs to be collected automatically for this customer.",
            "pick_list": "auto_collection_list",
            "optional": true,
            "toggle_hint": "Select from list",
            "toggle_field": {
              "name": "auto_collection",
              "type": "string",
              "control_type": "text",
              "label": "Auto collection",
              "optional": true,
              "toggle_hint": "Use custom value",
              "hint": "Allowed values are <b>on, off</b>"
            }
          },
          {
            "type": "string",
            "name": "token_id",
            "control_type": "text",
            "label": "Token ID",
            "hint": "Token generated by Chargebee JS representing payment method details.",
            "sticky": true,
            "optional": true
          },
          {
            "type": "array",
            "name": "coupon_ids",
            "label": "Coupon IDs",
            "sticky": true,
            "optional": true,
            "of": "string"
          },
          {
            "type": "string",
            "name": "authorization_transaction_id",
            "control_type": "text",
            "label": "Authorization transaction ID",
            "hint": "Authorization transaction to be captured.",
            "sticky": true,
            "optional": true
          },
          {
            "type": "string",
            "name": "payment_source_id",
            "control_type": "text",
            "label": "Payment source ID",
            "hint": "Payment source to be used for this payment.",
            "sticky": true,
            "optional": true
          },
          {
            "type": "string",
            "name": "vat_number",
            "control_type": "text",
            "label": "VAT/ Tax registration number",
            "optional": true
          },
          {
            "type": "string",
            "name": "price_type",
            "control_type": "text",
            "label": "Price type",
            "optional": true
          },
          {
            "type": "date_time",
            "name": "date",
            "control_type": "date_time",
            "label": "Date",
            "optional": true,
            "render_input": "render_epoch_time",
            "parse_output": "render_iso8601_timestamp"
          },
          {
            "type": "date_time",
            "name": "due_date",
            "control_type": "date_time",
            "label": "Due date",
            "optional": true,
            "render_input": "render_epoch_time",
            "parse_output": "render_iso8601_timestamp"
          },
          {
            "type": "integer",
            "name": "net_term_days",
            "control_type": "integer",
            "label": "Net term days",
            "optional": true,
            "parse_output": "integer_conversion"
          },
          {
            "type": "string",
            "name": "currency_code",
            "control_type": "text",
            "label": "Currency code",
            "hint": "The currency code (ISO 4217 format) of the invoice amount. Required if Multicurrency is enabled",
            "optional": true
          },
          {
            "type": "string",
            "name": "invoice_note",
            "control_type": "text",
            "label": "Invoice note",
            "optional": true
          },
          {
            "type": "number",
            "name": "total",
            "control_type": "number",
            "label": "Total",
            "optional": true,
            "parse_output": "float_conversion"
          },
          {
            "type": "number",
            "name": "amount_paid",
            "control_type": "number",
            "label": "Amount paid",
            "optional": true,
            "parse_output": "float_conversion"
          },
          {
            "type": "number",
            "name": "amount_adjusted",
            "control_type": "number",
            "label": "Amount adjusted",
            "optional": true,
            "parse_output": "float_conversion"
          },
          {
            "type": "number",
            "name": "write_off_amount",
            "control_type": "number",
            "label": "Write off amount",
            "optional": true,
            "parse_output": "float_conversion"
          },
          {
            "type": "number",
            "name": "credits_applied",
            "control_type": "number",
            "label": "Credits applied",
            "optional": true,
            "parse_output": "float_conversion"
          },
          {
            "type": "number",
            "name": "amount_due",
            "control_type": "number",
            "label": "Amount due",
            "optional": true,
            "parse_output": "float_conversion"
          },
          {
            "type": "date_time",
            "name": "paid_at",
            "control_type": "date_time",
            "label": "Paid at",
            "optional": true,
            "render_input": "render_epoch_time",
            "parse_output": "render_iso8601_timestamp"
          },
          {
            "type": "number",
            "name": "remove_general_note",
            "control_type": "checkbox",
            "label": "Remove general note",
            "optional": true,
            "toggle_hint": "Select from list",
            "toggle_field": {
              "name": "remove_general_note",
              "label": "Remove general note",
              "type": "string",
              "control_type": "text",
              "optional": true,
              "sticky": true,
              "parse_output": "boolean_conversion",
              "render_input": "boolean_conversion",
              "hint": "Accepted values are true or false",
              "toggle_hint": "Use custom value"
            },
            "render_input": "boolean_conversion",
            "parse_output": "boolean_conversion"
          },
          {
            "type": "number",
            "name": "replace_primary_payment_source",
            "control_type": "checkbox",
            "label": "Replace primary payment source",
            "optional": true,
            "toggle_hint": "Select from list",
            "toggle_field": {
              "name": "replace_primary_payment_source",
              "label": "Replace primary payment source",
              "type": "string",
              "control_type": "text",
              "optional": true,
              "sticky": true,
              "parse_output": "boolean_conversion",
              "render_input": "boolean_conversion",
              "hint": "Accepted values are true or false",
              "toggle_hint": "Use custom value"
            },
            "render_input": "boolean_conversion",
            "parse_output": "boolean_conversion"
          },
          {
            "type": "number",
            "name": "retain_payment_source",
            "control_type": "checkbox",
            "label": "Retain payment source",
            "optional": true,
            "toggle_hint": "Select from list",
            "toggle_field": {
              "name": "retain_payment_source",
              "label": "Retain payment source",
              "type": "string",
              "control_type": "text",
              "optional": true,
              "sticky": true,
              "parse_output": "boolean_conversion",
              "render_input": "boolean_conversion",
              "hint": "Accepted values are true or false",
              "toggle_hint": "Use custom value"
            },
            "render_input": "boolean_conversion",
            "parse_output": "boolean_conversion"
          },
          {
            "type": "string",
            "name": "dunning_status",
            "control_type": "text",
            "label": "Dunning status",
            "optional": true
          },
          {
            "type": "date_time",
            "name": "next_retry_at",
            "control_type": "date_time",
            "label": "Next retry at",
            "optional": true,
            "render_input": "render_epoch_time",
            "parse_output": "render_iso8601_timestamp"
          },
          {
            "type": "date_time",
            "name": "voided_at",
            "control_type": "date_time",
            "label": "Voided at",
            "optional": true,
            "render_input": "render_epoch_time",
            "parse_output": "render_iso8601_timestamp"
          },
          {
            "type": "number",
            "name": "resource_version",
            "control_type": "number",
            "label": "Resource version",
            "optional": true,
            "parse_output": "float_conversion"
          },
          {
            "type": "date_time",
            "name": "updated_at",
            "control_type": "date_time",
            "label": "Updated at",
            "optional": true,
            "render_input": "render_epoch_time",
            "parse_output": "render_iso8601_timestamp"
          },
          {
            "type": "number",
            "name": "sub_total",
            "control_type": "number",
            "label": "Sub total",
            "optional": true,
            "parse_output": "float_conversion"
          },
          {
            "type": "number",
            "name": "sub_total_in_local_currency",
            "control_type": "number",
            "label": "Sub total in local currency",
            "optional": true,
            "parse_output": "float_conversion"
          },
          {
            "type": "number",
            "name": "total_in_local_currency",
            "control_type": "number",
            "label": "Total in local currency",
            "optional": true,
            "parse_output": "float_conversion"
          },
          {
            "type": "string",
            "name": "local_currency_code",
            "control_type": "text",
            "label": "Local currency code",
            "optional": true
          },
          {
            "type": "number",
            "name": "tax",
            "control_type": "number",
            "label": "Tax",
            "optional": true,
            "parse_output": "float_conversion"
          },
          {
            "type": "number",
            "name": "first_invoice",
            "control_type": "checkbox",
            "label": "First invoice",
            "optional": true,
            "parse_output": "boolean_conversion"
          },
          {
            "type": "number",
            "name": "has_advance_charges",
            "control_type": "checkbox",
            "label": "Has advance charges",
            "optional": true,
            "parse_output": "boolean_conversion"
          },
          {
            "type": "number",
            "name": "term_finalized",
            "control_type": "checkbox",
            "label": "Term finalized",
            "optional": true,
            "parse_output": "boolean_conversion"
          },
          {
            "type": "number",
            "name": "is_gifted",
            "control_type": "checkbox",
            "label": "Is gifted",
            "optional": true,
            "parse_output": "boolean_conversion"
          },
          {
            "type": "date_time",
            "name": "expected_payment_date",
            "control_type": "date_time",
            "label": "Expected payment date",
            "optional": true,
            "render_input": "render_epoch_time",
            "parse_output": "render_iso8601_timestamp"
          },
          {
            "type": "number",
            "name": "amount_to_collect",
            "control_type": "number",
            "label": "Amount to collect",
            "optional": true,
            "parse_output": "float_conversion"
          },
          {
            "type": "integer",
            "name": "exchange_rate",
            "control_type": "integer",
            "label": "Exchange rate",
            "optional": true,
            "parse_output": "integer_conversion"
          },
          {
            "type": "integer",
            "name": "new_sales_amount",
            "control_type": "integer",
            "label": "New sales amount",
            "optional": true,
            "parse_output": "integer_conversion"
          },
          {
            "type": "string",
            "name": "base_currency_code",
            "control_type": "text",
            "label": "Base currency code",
            "optional": true
          },
          {
            "type": "number",
            "name": "round_off_amount",
            "control_type": "number",
            "label": "Round off amount",
            "optional": true,
            "parse_output": "float_conversion"
          },
          {
            "type": "string",
            "name": "payment_owner",
            "control_type": "text",
            "label": "Payment owner",
            "optional": true
          },
          {
            "type": "string",
            "name": "void_reason_code",
            "control_type": "text",
            "label": "Void reason code",
            "optional": true
          },
          {
            "type": "number",
            "name": "deleted",
            "control_type": "checkbox",
            "label": "Deleted",
            "optional": true,
            "parse_output": "boolean_conversion"
          },
          {
            "type": "array",
            "name": "line_items",
            "label": "Line items",
            "optional": true,
            "of": "object",
            "properties": [
              {
                "control_type": "text",
                "label": "ID",
                "optional": true,
                "type": "string",
                "name": "id"
              },
              {
                "control_type": "text",
                "label": "Subscription ID",
                "optional": true,
                "type": "string",
                "name": "subscription_id"
              },
              {
                "control_type": "date_time",
                "label": "Date from",
                "render_input": "render_epoch_time",
                "parse_output": "render_iso8601_timestamp",
                "optional": true,
                "type": "date_time",
                "name": "date_from"
              },
              {
                "control_type": "date_time",
                "label": "Date to",
                "render_input": "render_epoch_time",
                "parse_output": "render_iso8601_timestamp",
                "optional": true,
                "type": "date_time",
                "name": "date_to"
              },
              {
                "control_type": "number",
                "label": "Unit amount",
                "parse_output": "float_conversion",
                "optional": true,
                "type": "number",
                "name": "unit_amount"
              },
              {
                "control_type": "integer",
                "label": "Quantity",
                "parse_output": "integer_conversion",
                "optional": true,
                "type": "integer",
                "name": "quantity"
              },
              {
                "control_type": "number",
                "label": "Amount",
                "parse_output": "float_conversion",
                "optional": true,
                "type": "number",
                "name": "amount"
              },
              {
                "control_type": "text",
                "label": "Pricing model",
                "optional": true,
                "type": "string",
                "name": "pricing_model"
              },
              {
                "control_type": "checkbox",
                "label": "Is taxed",
                "parse_output": "boolean_conversion",
                "optional": true,
                "type": "number",
                "name": "is_taxed"
              },
              {
                "control_type": "number",
                "label": "Tax amount",
                "parse_output": "float_conversion",
                "optional": true,
                "type": "number",
                "name": "tax_amount"
              },
              {
                "control_type": "number",
                "label": "Tax rate",
                "parse_output": "float_conversion",
                "optional": true,
                "type": "number",
                "name": "tax_rate"
              },
              {
                "control_type": "text",
                "label": "Unit amount in decimal",
                "optional": true,
                "type": "string",
                "name": "unit_amount_in_decimal"
              },
              {
                "control_type": "text",
                "label": "Quantity in decimal",
                "optional": true,
                "type": "string",
                "name": "quantity_in_decimal"
              },
              {
                "control_type": "text",
                "label": "Amount in decimal",
                "optional": true,
                "type": "string",
                "name": "amount_in_decimal"
              },
              {
                "control_type": "number",
                "label": "Discount amount",
                "parse_output": "float_conversion",
                "optional": true,
                "type": "number",
                "name": "discount_amount"
              },
              {
                "control_type": "number",
                "label": "Item level discount amount",
                "parse_output": "float_conversion",
                "optional": true,
                "type": "number",
                "name": "item_level_discount_amount"
              },
              {
                "control_type": "text",
                "label": "Description",
                "optional": true,
                "type": "string",
                "name": "description"
              },
              {
                "control_type": "text",
                "label": "Entity description",
                "optional": true,
                "type": "string",
                "name": "entity_description"
              },
              {
                "control_type": "text",
                "label": "Entity type",
                "optional": true,
                "type": "string",
                "name": "entity_type"
              },
              {
                "control_type": "text",
                "label": "Tax exempt reason",
                "optional": true,
                "type": "string",
                "name": "tax_exempt_reason"
              },
              {
                "control_type": "text",
                "label": "Entity ID",
                "optional": true,
                "type": "string",
                "name": "entity_id"
              },
              {
                "control_type": "text",
                "label": "Customer ID",
                "optional": true,
                "type": "string",
                "name": "customer_id"
              }
            ]
          },
          {
            "type": "array",
            "name": "discounts",
            "label": "Discounts",
            "optional": true,
            "of": "object",
            "properties": [
              {
                "control_type": "number",
                "label": "Amount",
                "parse_output": "float_conversion",
                "optional": true,
                "type": "number",
                "name": "amount"
              },
              {
                "control_type": "text",
                "label": "Description",
                "optional": true,
                "type": "string",
                "name": "description"
              },
              {
                "control_type": "text",
                "label": "Entity type",
                "optional": true,
                "type": "string",
                "name": "entity_type"
              },
              {
                "control_type": "text",
                "label": "Entity ID",
                "optional": true,
                "type": "string",
                "name": "entity_id"
              }
            ]
          },
          {
            "type": "array",
            "name": "line_item_discounts",
            "label": "Line item discounts",
            "optional": true,
            "of": "object",
            "properties": [
              {
                "control_type": "text",
                "label": "Line item ID",
                "optional": true,
                "type": "string",
                "name": "line_item_id"
              },
              {
                "control_type": "text",
                "label": "Discount type",
                "optional": true,
                "type": "string",
                "name": "discount_type"
              },
              {
                "control_type": "text",
                "label": "Coupon ID",
                "optional": true,
                "type": "string",
                "name": "coupon_id"
              },
              {
                "control_type": "number",
                "label": "Discount amount",
                "parse_output": "float_conversion",
                "optional": true,
                "type": "number",
                "name": "discount_amount"
              }
            ]
          },
          {
            "type": "array",
            "name": "taxes",
            "label": "Taxes",
            "optional": true,
            "of": "object",
            "properties": [
              {
                "control_type": "text",
                "label": "Name",
                "optional": true,
                "type": "string",
                "name": "name"
              },
              {
                "control_type": "number",
                "label": "Amount",
                "parse_output": "float_conversion",
                "optional": true,
                "type": "number",
                "name": "amount"
              },
              {
                "control_type": "text",
                "label": "Description",
                "optional": true,
                "type": "string",
                "name": "description"
              }
            ]
          },
          {
            "type": "array",
            "name": "line_item_taxes",
            "label": "Line item taxes",
            "optional": true,
            "of": "object",
            "properties": [
              {
                "control_type": "text",
                "label": "Line item ID",
                "optional": true,
                "type": "string",
                "name": "line_item_id"
              },
              {
                "control_type": "text",
                "label": "Tax name",
                "optional": true,
                "type": "string",
                "name": "tax_name"
              },
              {
                "control_type": "number",
                "label": "Tax rate",
                "parse_output": "float_conversion",
                "optional": true,
                "type": "number",
                "name": "tax_rate"
              },
              {
                "control_type": "checkbox",
                "label": "Is partial tax applied",
                "parse_output": "boolean_conversion",
                "optional": true,
                "type": "number",
                "name": "is_partial_tax_applied"
              },
              {
                "control_type": "checkbox",
                "label": "Is non compliance tax",
                "parse_output": "boolean_conversion",
                "optional": true,
                "type": "number",
                "name": "is_non_compliance_tax"
              },
              {
                "control_type": "number",
                "label": "Taxable amount",
                "parse_output": "float_conversion",
                "optional": true,
                "type": "number",
                "name": "taxable_amount"
              },
              {
                "control_type": "number",
                "label": "Tax amount",
                "parse_output": "float_conversion",
                "optional": true,
                "type": "number",
                "name": "tax_amount"
              },
              {
                "control_type": "text",
                "label": "Tax juris type",
                "optional": true,
                "type": "string",
                "name": "tax_juris_type"
              },
              {
                "control_type": "text",
                "label": "Tax juris name",
                "optional": true,
                "type": "string",
                "name": "tax_juris_name"
              },
              {
                "control_type": "text",
                "label": "Tax juris code",
                "optional": true,
                "type": "string",
                "name": "tax_juris_code"
              },
              {
                "control_type": "number",
                "label": "Tax amount in local currency",
                "parse_output": "float_conversion",
                "optional": true,
                "type": "number",
                "name": "tax_amount_in_local_currency"
              },
              {
                "control_type": "text",
                "label": " Local currency code",
                "optional": true,
                "type": "string",
                "name": "local_currency_code"
              }
            ]
          },
          {
            "type": "array",
            "name": "line_item_tiers",
            "label": "Line item tiers",
            "optional": true,
            "of": "object",
            "properties": [
              {
                "control_type": "text",
                "label": "Line item ID",
                "optional": true,
                "type": "string",
                "name": "line_item_id"
              },
              {
                "control_type": "integer",
                "label": "Starting unit",
                "parse_output": "integer_conversion",
                "optional": true,
                "type": "integer",
                "name": "starting_unit"
              },
              {
                "control_type": "integer",
                "label": "Ending unit",
                "parse_output": "integer_conversion",
                "optional": true,
                "type": "integer",
                "name": "ending_unit"
              },
              {
                "control_type": "integer",
                "label": "Quantity used",
                "parse_output": "integer_conversion",
                "optional": true,
                "type": "integer",
                "name": "quantity_used"
              },
              {
                "control_type": "number",
                "label": "Unit amount",
                "parse_output": "float_conversion",
                "optional": true,
                "type": "number",
                "name": "unit_amount"
              },
              {
                "control_type": "text",
                "label": "Starting unit in decimal",
                "optional": true,
                "type": "string",
                "name": "starting_unit_in_decimal"
              },
              {
                "control_type": "text",
                "label": "Ending unit in decimal",
                "optional": true,
                "type": "string",
                "name": "ending_unit_in_decimal"
              },
              {
                "control_type": "text",
                "label": "Quantity used in decimal",
                "optional": true,
                "type": "string",
                "name": "quantity_used_in_decimal"
              },
              {
                "control_type": "text",
                "label": "Unit amount in decimal",
                "optional": true,
                "type": "string",
                "name": "unit_amount_in_decimal"
              }
            ]
          },
          {
            "type": "array",
            "name": "linked_payments",
            "label": "Linked payments",
            "optional": true,
            "of": "object",
            "properties": [
              {
                "control_type": "text",
                "label": "Transaction ID",
                "optional": true,
                "type": "string",
                "name": "txn_id"
              },
              {
                "control_type": "number",
                "label": "Applied amount",
                "parse_output": "float_conversion",
                "optional": true,
                "type": "number",
                "name": "applied_amount"
              },
              {
                "control_type": "date_time",
                "label": "Applied at",
                "render_input": "render_epoch_time",
                "parse_output": "render_iso8601_timestamp",
                "optional": true,
                "type": "date_time",
                "name": "applied_at"
              },
              {
                "control_type": "text",
                "label": "Transaction status",
                "optional": true,
                "type": "string",
                "name": "txn_status"
              },
              {
                "control_type": "date_time",
                "label": "Transaction date",
                "render_input": "render_epoch_time",
                "parse_output": "render_iso8601_timestamp",
                "optional": true,
                "type": "date_time",
                "name": "txn_date"
              },
              {
                "control_type": "number",
                "label": "Transaction amount",
                "parse_output": "float_conversion",
                "optional": true,
                "type": "number",
                "name": "txn_amount"
              }
            ]
          },
          {
            "type": "array",
            "name": "dunning_attempts",
            "label": "Dunning attempts",
            "optional": true,
            "of": "object",
            "properties": [
              {
                "control_type": "integer",
                "label": "Attempt",
                "parse_output": "integer_conversion",
                "optional": true,
                "type": "integer",
                "name": "attempt"
              },
              {
                "control_type": "text",
                "label": "Transaction ID",
                "optional": true,
                "type": "string",
                "name": "transaction_id"
              },
              {
                "control_type": "text",
                "label": "Dunning type",
                "optional": true,
                "type": "string",
                "name": "dunning_type"
              },
              {
                "control_type": "date_time",
                "label": "Created at",
                "render_input": "render_epoch_time",
                "parse_output": "render_iso8601_timestamp",
                "optional": true,
                "type": "date_time",
                "name": "created_at"
              },
              {
                "control_type": "text",
                "label": "Transaction status",
                "optional": true,
                "type": "string",
                "name": "txn_status"
              },
              {
                "control_type": "number",
                "label": "Transaction amount",
                "parse_output": "float_conversion",
                "optional": true,
                "type": "number",
                "name": "txn_amount"
              }
            ]
          },
          {
            "type": "array",
            "name": "applied_credits",
            "label": "Applied credits",
            "optional": true,
            "of": "object",
            "properties": [
              {
                "control_type": "text",
                "label": "Credit note ID",
                "optional": true,
                "type": "string",
                "name": "cn_id"
              },
              {
                "control_type": "number",
                "label": "Applied amount",
                "parse_output": "float_conversion",
                "optional": true,
                "type": "number",
                "name": "applied_amount"
              },
              {
                "control_type": "date_time",
                "label": "Applied at",
                "render_input": "render_epoch_time",
                "parse_output": "render_iso8601_timestamp",
                "optional": true,
                "type": "date_time",
                "name": "applied_at"
              },
              {
                "control_type": "text",
                "label": "Credit note code",
                "optional": true,
                "type": "string",
                "name": "cn_reason_code"
              },
              {
                "control_type": "text",
                "label": "Credit note reason code",
                "optional": true,
                "type": "string",
                "name": "cn_create_reason_code"
              },
              {
                "control_type": "date_time",
                "label": "Credit note date",
                "render_input": "render_epoch_time",
                "parse_output": "render_iso8601_timestamp",
                "optional": true,
                "type": "date_time",
                "name": "cn_date"
              },
              {
                "control_type": "text",
                "label": "Credit note status",
                "optional": true,
                "type": "string",
                "name": "cn_status"
              }
            ]
          },
          {
            "type": "array",
            "name": "adjustment_credit_notes",
            "label": "Adjustment credit notes",
            "optional": true,
            "of": "object",
            "properties": [
              {
                "control_type": "text",
                "label": "Credit note ID",
                "optional": true,
                "type": "string",
                "name": "cn_id"
              },
              {
                "control_type": "text",
                "label": "Credit note code",
                "optional": true,
                "type": "string",
                "name": "cn_reason_code"
              },
              {
                "control_type": "text",
                "label": "Credit note reason code",
                "optional": true,
                "type": "string",
                "name": "cn_create_reason_code"
              },
              {
                "control_type": "date_time",
                "label": "Credit note date",
                "render_input": "render_epoch_time",
                "parse_output": "render_iso8601_timestamp",
                "optional": true,
                "type": "date_time",
                "name": "cn_date"
              },
              {
                "control_type": "text",
                "label": "Credit note status",
                "optional": true,
                "type": "string",
                "name": "cn_status"
              },
              {
                "control_type": "number",
                "label": "Credit note total",
                "parse_output": "float_conversion",
                "optional": true,
                "type": "number",
                "name": "cn_total"
              }
            ]
          },
          {
            "type": "array",
            "name": "issued_credit_notes",
            "label": "Issued credit notes",
            "optional": true,
            "of": "object",
            "properties": [
              {
                "control_type": "text",
                "label": "Credit note ID",
                "optional": true,
                "type": "string",
                "name": "cn_id"
              },
              {
                "control_type": "text",
                "label": "Credit note code",
                "optional": true,
                "type": "string",
                "name": "cn_reason_code"
              },
              {
                "control_type": "text",
                "label": "Credit note reason code",
                "optional": true,
                "type": "string",
                "name": "cn_create_reason_code"
              },
              {
                "control_type": "date_time",
                "label": "Cn date",
                "render_input": "render_epoch_time",
                "parse_output": "render_iso8601_timestamp",
                "optional": true,
                "type": "date_time",
                "name": "cn_date"
              },
              {
                "control_type": "text",
                "label": "Credit note status",
                "optional": true,
                "type": "string",
                "name": "cn_status"
              },
              {
                "control_type": "number",
                "label": "Credit note total",
                "parse_output": "float_conversion",
                "optional": true,
                "type": "number",
                "name": "cn_total"
              }
            ]
          },
          {
            "type": "array",
            "name": "linked_orders",
            "label": "Linked orders",
            "optional": true,
            "of": "object",
            "properties": [
              {
                "control_type": "text",
                "label": "ID",
                "optional": true,
                "type": "string",
                "name": "id"
              },
              {
                "control_type": "text",
                "label": "Document number",
                "optional": true,
                "type": "string",
                "name": "document_number"
              },
              {
                "control_type": "text",
                "label": "Status",
                "optional": true,
                "type": "string",
                "name": "status"
              },
              {
                "control_type": "text",
                "label": "Order type",
                "optional": true,
                "type": "string",
                "name": "order_type"
              },
              {
                "control_type": "text",
                "label": "Reference ID",
                "optional": true,
                "type": "string",
                "name": "reference_id"
              },
              {
                "control_type": "text",
                "label": "Fulfillment status",
                "optional": true,
                "type": "string",
                "name": "fulfillment_status"
              },
              {
                "control_type": "text",
                "label": "Batch ID",
                "optional": true,
                "type": "string",
                "name": "batch_id"
              },
              {
                "control_type": "date_time",
                "label": "Created at",
                "render_input": "render_epoch_time",
                "parse_output": "render_iso8601_timestamp",
                "optional": true,
                "type": "date_time",
                "name": "created_at"
              }
            ]
          },
          {
            "type": "array",
            "name": "notes",
            "label": "Notes",
            "optional": true,
            "of": "object",
            "properties": [
              {
                "control_type": "text",
                "label": "Entity type",
                "optional": true,
                "type": "string",
                "name": "entity_type"
              },
              {
                "control_type": "text",
                "label": "Note",
                "optional": true,
                "type": "string",
                "name": "note"
              },
              {
                "control_type": "text",
                "label": "Entity ID",
                "optional": true,
                "type": "string",
                "name": "entity_id"
              }
            ]
          },
          {
            "type": "object",
            "name": "shipping_address",
            "label": "Shipping address",
            "optional": true,
            "properties": [
              {
                "control_type": "text",
                "label": "First name",
                "optional": true,
                "type": "string",
                "name": "first_name"
              },
              {
                "control_type": "text",
                "label": "Last name",
                "optional": true,
                "type": "string",
                "name": "last_name"
              },
              {
                "control_type": "text",
                "label": "Email",
                "optional": true,
                "type": "string",
                "name": "email"
              },
              {
                "control_type": "text",
                "label": "Company",
                "optional": true,
                "type": "string",
                "name": "company"
              },
              {
                "control_type": "text",
                "label": "Phone",
                "optional": true,
                "type": "string",
                "name": "phone"
              },
              {
                "control_type": "text",
                "label": "Line 1",
                "optional": true,
                "type": "string",
                "name": "line1"
              },
              {
                "control_type": "text",
                "label": "Line 2",
                "optional": true,
                "type": "string",
                "name": "line2"
              },
              {
                "control_type": "text",
                "label": "Line 3",
                "optional": true,
                "type": "string",
                "name": "line3"
              },
              {
                "control_type": "text",
                "label": "City",
                "optional": true,
                "type": "string",
                "name": "city"
              },
              {
                "control_type": "text",
                "label": "State code",
                "optional": true,
                "type": "string",
                "name": "state_code"
              },
              {
                "control_type": "text",
                "label": "State",
                "optional": true,
                "type": "string",
                "name": "state"
              },
              {
                "control_type": "text",
                "label": "Country",
                "optional": true,
                "type": "string",
                "name": "country"
              },
              {
                "control_type": "text",
                "label": "Zip",
                "optional": true,
                "type": "string",
                "name": "zip"
              },
              {
                "control_type": "select",
                "label": "Validation status",
                "pick_list": "validation_status_list",
                "toggle_hint": "Select from list",
                "toggle_field": {
                  "name": "validation_status",
                  "control_type": "text",
                  "type": "string",
                  "optional": true,
                  "label": "Customer type",
                  "toggle_hint": "Use custom value",
                  "hint": "Allowed vaalues are: not_validated, valid, partially_valid, invalid"
                },
                "hint": "The address verification status.",
                "optional": true,
                "type": "string",
                "name": "validation_status"
              }
            ]
          },
          {
            "type": "array",
            "name": "payment_intent",
            "label": "Payment intent",
            "optional": true,
            "of": "object",
            "properties": [
              {
                "control_type": "text",
                "label": "Payment intent ID",
                "hint": "Payment intent ID generated by Chargebee.js",
                "optional": true,
                "type": "string",
                "name": "id"
              },
              {
                "control_type": "text",
                "label": "Gateway account ID",
                "hint": "Gateway account used for performing the 3DS flow.",
                "optional": true,
                "type": "string",
                "name": "gateway_account_id"
              },
              {
                "control_type": "text",
                "label": "Gateway token",
                "hint": "Identifier for 3DS transaction/verification object at the gateway.",
                "optional": true,
                "type": "string",
                "name": "gw_token"
              },
              {
                "control_type": "text",
                "label": "Reference ID",
                "hint": "Identifier for Braintree permanent token. Applicable when you are using Braintree APIs for completing the 3DS flow.",
                "optional": true,
                "type": "string",
                "name": "reference_id"
              },
              {
                "control_type": "text",
                "label": "Additional information",
                "hint": "Pass a stringified JSON. For E.g: click <a href='https://apidocs.chargebee.com/docs/api/payment_parameters#payment_intent_additonal_info_sample'>here<a> to see sample json.",
                "optional": true,
                "type": "string",
                "name": "additional_info"
              }
            ]
          },
          {
            "type": "object",
            "name": "billing_address",
            "label": "Billing address",
            "optional": true,
            "properties": [
              {
                "control_type": "text",
                "label": "First name",
                "hint": "The first name of the billing contact.",
                "optional": true,
                "type": "string",
                "name": "first_name"
              },
              {
                "control_type": "text",
                "label": "Last name",
                "hint": "The last name of the billing contact.",
                "optional": true,
                "type": "string",
                "name": "last_name"
              },
              {
                "control_type": "email",
                "label": "Email",
                "hint": "The email address.",
                "optional": true,
                "type": "string",
                "name": "email"
              },
              {
                "control_type": "text",
                "label": "Company name",
                "hint": "Name of the company.",
                "optional": true,
                "type": "string",
                "name": "company"
              },
              {
                "control_type": "text",
                "label": "Phone Number",
                "optional": true,
                "type": "string",
                "name": "phone"
              },
              {
                "control_type": "text",
                "label": "Address line 1",
                "optional": true,
                "type": "string",
                "name": "line1"
              },
              {
                "control_type": "text",
                "label": "Address line 2",
                "optional": true,
                "type": "string",
                "name": "line2"
              },
              {
                "control_type": "text",
                "label": "Address line 3",
                "optional": true,
                "type": "string",
                "name": "line3"
              },
              {
                "control_type": "text",
                "label": "City",
                "hint": "Name of the city",
                "optional": true,
                "type": "string",
                "name": "city"
              },
              {
                "control_type": "text",
                "label": "State code",
                "hint": "The ISO 3166-2 state/province code without the country prefix. Currently supported for USA, Canada and India",
                "optional": true,
                "type": "string",
                "name": "state_code"
              },
              {
                "control_type": "text",
                "label": "State",
                "hint": "Name of the state.",
                "optional": true,
                "type": "string",
                "name": "state"
              },
              {
                "control_type": "text",
                "label": "Country code",
                "hint": "2-letter, ISO 3166 alpha-2 country code.",
                "optional": true,
                "type": "string",
                "name": "country"
              },
              {
                "control_type": "text",
                "label": "Zip",
                "hint": "Zip or Postal code.",
                "optional": true,
                "type": "string",
                "name": "zip"
              },
              {
                "control_type": "select",
                "label": "Validation status",
                "pick_list": "validation_status_list",
                "toggle_hint": "Select from list",
                "toggle_field": {
                  "name": "validation_status",
                  "control_type": "text",
                  "type": "string",
                  "optional": true,
                  "label": "Customer type",
                  "toggle_hint": "Use custom value",
                  "hint": "Allowed vaalues are: not_validated, valid, partially_valid, invalid"
                },
                "hint": "The address verification status.",
                "optional": true,
                "type": "string",
                "name": "validation_status"
              }
            ]
          }
        ],
        "extended_input_schema": [
          {
            "type": "string",
            "name": "id",
            "control_type": "text",
            "label": "Invoice ID",
            "optional": false
          }
        ],
        "uuid": "6eb66be3-561b-460a-b687-3710d1e7d9f5"
      },
      {
        "number": 2,
        "provider": "workato_variable",
        "name": "declare_variable",
        "as": "fe5b0f34",
        "title": "  Create variable adjustedtotal",
        "description": "Create variable <span class=\"provider\">adjustedtotal</span>",
        "keyword": "action",
        "dynamicPickListSelection": {
        },
        "toggleCfg": {
        },
        "input": {
          "variables": {
            "schema": "[{\"name\":\"adjustedtotal\",\"type\":\"number\",\"optional\":true,\"label\":\"adjustedtotal\",\"control_type\":\"number\"}]",
            "data": {
              "adjustedtotal": "=_('data.new_connector_2_connector_374775_1631095272.a810d040.total').to_i/100"
            }
          }
        },
        "extended_output_schema": [
          {
            "type": "number",
            "name": "adjustedtotal",
            "control_type": "number",
            "label": "adjustedtotal",
            "optional": true,
            "parse_output": "float_conversion"
          }
        ],
        "extended_input_schema": [
          {
            "type": "object",
            "name": "variables",
            "control_type": "form-schema-builder",
            "label": "Variables",
            "optional": true,
            "properties": [
              {
                "control_type": "text",
                "label": "Schema",
                "extends_schema": true,
                "broadcast_change_event": true,
                "type": "string",
                "name": "schema"
              },
              {
                "properties": [
                  {
                    "control_type": "number",
                    "label": "adjustedtotal",
                    "parse_output": "float_conversion",
                    "name": "adjustedtotal",
                    "type": "number",
                    "optional": true,
                    "hint": "Defaults to nil if not supplied.",
                    "sticky": true
                  }
                ],
                "label": "Data",
                "type": "object",
                "name": "data"
              }
            ],
            "exclude_fields": [
              "hint"
            ]
          }
        ],
        "visible_config_fields": [
          "variables.data.adjustedtotal"
        ],
        "uuid": "46a57fe0-01be-4101-90fb-556cdb8fa82b"
      },
      {
        "number": 3,
        "provider": "lookup_table",
        "name": "get_entries",
        "as": "80a5d42e",
        "title": null,
        "description": "\n      Get all\n      <span class=\"provider\">entries</span>\n      from\n      <span class=\"provider\">Invoice Value Checker</span>\n      lookup table\n    ",
        "keyword": "action",
        "dynamicPickListSelection": {
          "lookup_table_id": "Invoice Value Checker"
        },
        "toggleCfg": {
        },
        "input": {
          "lookup_table_id": {
            "zip_name": "invoice_value_checker.lookup_table.json",
            "name": "Invoice Value Checker ",
            "folder": ""
          }
        },
        "extended_output_schema": [
          {
            "type": "array",
            "name": "entries",
            "label": "Entries",
            "of": "object",
            "properties": [
              {
                "control_type": "number",
                "label": "Entry ID",
                "parse_output": "integer_conversion",
                "type": "integer",
                "name": "id"
              },
              {
                "properties": [
                  {
                    "control_type": "text",
                    "label": "lowerlimit",
                    "name": "col1",
                    "type": "string",
                    "sticky": true
                  },
                  {
                    "control_type": "text",
                    "label": "Approver 1",
                    "name": "col2",
                    "type": "string",
                    "sticky": true
                  },
                  {
                    "control_type": "text",
                    "label": "upperlimit",
                    "name": "col3",
                    "type": "string",
                    "sticky": true
                  }
                ],
                "label": "Entry",
                "type": "object",
                "name": "entry"
              }
            ]
          }
        ],
        "uuid": "72ebbff9-6118-4437-b89c-24ab9e9fb134"
      },
      {
        "number": 4,
        "as": "fed0f378",
        "keyword": "foreach",
        "dynamicPickListSelection": {
        },
        "toggleCfg": {
        },
        "repeat_mode": "simple",
        "clear_scope": "false",
        "input": {
        },
        "block": [
          {
            "number": 5,
            "keyword": "if",
            "dynamicPickListSelection": {
            },
            "toggleCfg": {
            },
            "input": {
              "type": "compound",
              "operand": "and",
              "conditions": [
                {
                  "operand": "less_than",
                  "lhs": "#{_('data.foreach.fed0f378.entry.col1')}",
                  "rhs": "#{_('data.new_connector_2_connector_374775_1631095272.a810d040.total')}",
                  "uuid": "condition-8b9fad0f-8a29-4fdd-8076-fc0e2f5aff03"
                },
                {
                  "operand": "greater_than",
                  "lhs": "#{_('data.foreach.fed0f378.entry.col3')}",
                  "rhs": "#{_('data.new_connector_2_connector_374775_1631095272.a810d040.total')}",
                  "uuid": "condition-32f43f17-a3b7-4362-9f61-ad0df807c219"
                },
                {
                  "operand": "not_contains",
                  "lhs": "#{_('data.foreach.fed0f378.entry.col2')}",
                  "rhs": "Skip",
                  "uuid": "condition-4f619d10-857a-4a2a-bdf0-4d2d3598e008"
                }
              ]
            },
            "block": [
              {
                "number": 6,
                "provider": "slack_bot",
                "name": "post_bot_message",
                "as": "411bf608",
                "keyword": "action",
                "dynamicPickListSelection": {
                  "channel": "bot"
                },
                "toggleCfg": {
                  "channel": false,
                  "attachment_buttons.0.bot_command": true
                },
                "input": {
                  "channel": "CKV6QL24V",
                  "text": "An Invoice with ID #{_('data.new_connector_2_connector_374775_1631095272.a810d040.id')} has been submitted for apporval please approve #{_('data.foreach.fed0f378.entry.col2')} and the total is #{_('data.workato_variable.fe5b0f34.adjustedtotal')}",
                  "message": {
                    "title": "Invoice Link",
                    "title_link": "https://workatotest-test.chargebee.com/d/invoices/#{_('data.new_connector_2_connector_374775_1631095272.a810d040.id')}"
                  },
                  "attachment_buttons": [
                    {
                      "title": "Approve Invoice",
                      "params": "invoiceid: #{_('data.new_connector_2_connector_374775_1631095272.a810d040.id')}",
                      "bot_command": {
                        "zip_name": "apporve_invoice.recipe.json",
                        "name": "apporve invoice",
                        "folder": ""
                      }
                    }
                  ]
                },
                "visible_config_fields": [
                  "channel",
                  "blocks",
                  "blocks.block_type",
                  "blocks.section_text",
                  "blocks.image_url",
                  "blocks.alt_text",
                  "blocks.button_title",
                  "blocks.url",
                  "blocks.bot_command",
                  "blocks.params",
                  "blocks.style",
                  "blocks.attachment_fields",
                  "blocks.attachment_fields.value",
                  "blocks.placeholder_text",
                  "blocks.menu_type",
                  "blocks.dynamic_menu_recipe",
                  "blocks.field_name",
                  "blocks.options",
                  "blocks.options.title",
                  "blocks.options.bot_command",
                  "blocks.options.params",
                  "blocks.options.init_value",
                  "blocks.init_option",
                  "blocks.initial_date",
                  "blocks.options.value",
                  "blocks.init_options",
                  "blocks.image_title",
                  "blocks.external_id",
                  "blocks.elements",
                  "blocks.elements.type",
                  "blocks.elements.text",
                  "blocks.elements.image_url",
                  "blocks.elements.alt_text",
                  "blocks.actions",
                  "blocks.actions.type",
                  "blocks.actions.button_title",
                  "blocks.actions.url",
                  "blocks.actions.bot_command",
                  "blocks.actions.params",
                  "blocks.actions.style",
                  "blocks.actions.placeholder_text",
                  "blocks.actions.initial_date",
                  "blocks.actions.field_name",
                  "blocks.actions.options",
                  "blocks.actions.options.params",
                  "blocks.actions.menu_type",
                  "blocks.actions.dynamic_menu_recipe",
                  "blocks.objects",
                  "blocks.objects.blocks",
                  "blocks.objects.blocks.block_type",
                  "blocks.objects.blocks.section_text",
                  "blocks.objects.blocks.image_url",
                  "blocks.objects.blocks.alt_text",
                  "blocks.objects.blocks.button_title",
                  "blocks.objects.blocks.url",
                  "blocks.objects.blocks.bot_command",
                  "blocks.objects.blocks.params",
                  "blocks.objects.blocks.style",
                  "blocks.objects.blocks.attachment_fields",
                  "blocks.objects.blocks.attachment_fields.value",
                  "blocks.objects.blocks.placeholder_text",
                  "blocks.objects.blocks.menu_type",
                  "blocks.objects.blocks.dynamic_menu_recipe",
                  "blocks.objects.blocks.field_name",
                  "blocks.objects.blocks.options",
                  "blocks.objects.blocks.options.title",
                  "blocks.objects.blocks.options.bot_command",
                  "blocks.objects.blocks.options.params",
                  "blocks.objects.blocks.options.init_value",
                  "blocks.objects.blocks.init_option",
                  "blocks.objects.blocks.initial_date",
                  "blocks.objects.blocks.image_title",
                  "blocks.objects.blocks.elements",
                  "blocks.objects.blocks.elements.type",
                  "blocks.objects.blocks.elements.text",
                  "blocks.objects.blocks.elements.image_url",
                  "blocks.objects.blocks.elements.alt_text",
                  "blocks.objects.blocks.actions",
                  "blocks.objects.blocks.actions.type",
                  "blocks.objects.blocks.actions.button_title",
                  "blocks.objects.blocks.actions.url",
                  "blocks.objects.blocks.actions.bot_command",
                  "blocks.objects.blocks.actions.params",
                  "blocks.objects.blocks.actions.style",
                  "blocks.objects.blocks.actions.placeholder_text",
                  "blocks.objects.blocks.actions.initial_date",
                  "blocks.objects.blocks.actions.field_name",
                  "blocks.objects.blocks.actions.options",
                  "blocks.objects.blocks.actions.options.params",
                  "blocks.objects.blocks.actions.menu_type",
                  "blocks.objects.blocks.actions.dynamic_menu_recipe",
                  "text",
                  "message.title",
                  "message.title_link",
                  "message.attachment_text",
                  "message.color",
                  "attachment_fields",
                  "attachment_buttons",
                  "attachment_items.message.title",
                  "attachment_items.message.title_link",
                  "attachment_items.message.attachment_text",
                  "attachment_items.message.color",
                  "attachment_items.attachment_fields",
                  "attachment_items.attachment_buttons",
                  "advanced.ts",
                  "attachment_buttons.params",
                  "attachment_buttons.bot_command",
                  "attachment_buttons.title"
                ],
                "uuid": "bc4e0579-d0be-4011-8520-07db1043ddce"
              }
            ],
            "uuid": "b8064521-7db6-43e0-b977-e02c53c4ea18"
          }
        ],
        "source": "#{_('data.lookup_table.80a5d42e.entries')}",
        "uuid": "3c475f30-a529-4bd7-9e31-0fa385aba076"
      }
    ],
    "uuid": "cd1f5491-a3da-44a8-876a-1833e8ee7464"
  },
  "config": [
    {
      "keyword": "application",
      "provider": "workato_service",
      "skip_validation": false,
      "account_id": null
    },
    {
      "keyword": "application",
      "provider": "new_connector_2_connector_374775_1631095272",
      "account_id": {
        "zip_name": "my_second_chargebee_account.connection.json",
        "name": "My second Chargebee account",
        "folder": "",
        "custom": true
      },
      "skip_validation": false
    },
    {
      "keyword": "application",
      "provider": "lookup_table",
      "skip_validation": false,
      "account_id": null
    },
    {
      "keyword": "application",
      "provider": "slack_bot",
      "account_id": {
        "zip_name": "Training/my_workbot_for_slack_account.connection.json",
        "name": "My Workbot  for  Slack account",
        "folder": "Training"
      },
      "skip_validation": false
    },
    {
      "keyword": "application",
      "provider": "workato_variable",
      "skip_validation": false,
      "account_id": null
    }
  ]
}