{
  "name": "Invoice Value Checker ",
  "schema": [
    {
      "control_type": "text",
      "label": "lowerlimit",
      "name": "col1",
      "type": "string",
      "sticky": true
    },
    {
      "control_type": "text",
      "label": "approver1",
      "name": "col2",
      "type": "string",
      "sticky": true
    },
    {
      "control_type": "text",
      "label": "upperlimit",
      "name": "col3",
      "type": "string",
      "sticky": true
    },
    {
      "control_type": "text",
      "label": "approver 2",
      "name": "col4",
      "type": "string",
      "sticky": true
    },
    {
      "control_type": "text",
      "label": "currency",
      "name": "col5",
      "type": "string",
      "sticky": true
    },
    {
      "control_type": "text",
      "label": "Untitled column 6",
      "name": "col6",
      "type": "string",
      "sticky": false
    },
    {
      "control_type": "text",
      "label": "Untitled column 7",
      "name": "col7",
      "type": "string",
      "sticky": false
    },
    {
      "control_type": "text",
      "label": "Untitled column 8",
      "name": "col8",
      "type": "string",
      "sticky": false
    },
    {
      "control_type": "text",
      "label": "Untitled column 9",
      "name": "col9",
      "type": "string",
      "sticky": false
    },
    {
      "control_type": "text",
      "label": "Untitled column 10",
      "name": "col10",
      "type": "string",
      "sticky": false
    }
  ]
}