{
  "name": "Jira published in Kafka",
  "description": "1. Triggers when a Contact is created / updated in Salesforce\n2. Publishes a Message on a specific Kafka topic containing Contact details, according to Salesforce_contact common data model\n\n",
  "version": 8,
  "private": true,
  "concurrency": 1,
  "code": {
    "number": 0,
    "provider": "jira",
    "name": "new_issue",
    "as": "7107f17f",
    "title": null,
    "description": null,
    "keyword": "trigger",
    "dynamicPickListSelection": {
    },
    "toggleCfg": {
    },
    "input": {
      "since": "2022-01-01T00:00:00+05:30"
    },
    "extended_output_schema": [
      {
        "control_type": "text",
        "label": "ID",
        "name": "id",
        "type": "string"
      },
      {
        "control_type": "url",
        "label": "Self",
        "name": "self",
        "type": "string"
      },
      {
        "control_type": "text",
        "label": "Key",
        "name": "key",
        "type": "string"
      },
      {
        "label": "Changelog",
        "name": "changelog",
        "properties": [
          {
            "control_type": "number",
            "label": "Start at",
            "parse_output": "float_conversion",
            "type": "number",
            "name": "startAt"
          },
          {
            "control_type": "number",
            "label": "Max results",
            "parse_output": "float_conversion",
            "type": "number",
            "name": "maxResults"
          },
          {
            "control_type": "number",
            "label": "Total",
            "parse_output": "float_conversion",
            "type": "number",
            "name": "total"
          },
          {
            "name": "histories",
            "type": "array",
            "of": "object",
            "label": "Histories",
            "properties": [
              {
                "control_type": "text",
                "label": "ID",
                "type": "string",
                "name": "id"
              },
              {
                "properties": [
                  {
                    "control_type": "text",
                    "label": "Self",
                    "type": "string",
                    "name": "self"
                  },
                  {
                    "control_type": "text",
                    "label": "Name",
                    "type": "string",
                    "name": "name"
                  },
                  {
                    "control_type": "text",
                    "label": "Key",
                    "type": "string",
                    "name": "key"
                  },
                  {
                    "control_type": "text",
                    "label": "Account ID",
                    "type": "string",
                    "name": "accountId"
                  },
                  {
                    "control_type": "text",
                    "label": "Email address",
                    "type": "string",
                    "name": "emailAddress"
                  },
                  {
                    "properties": [
                      {
                        "control_type": "text",
                        "label": "48 x 48",
                        "type": "string",
                        "name": "48x48"
                      },
                      {
                        "control_type": "text",
                        "label": "24 x 24",
                        "type": "string",
                        "name": "24x24"
                      },
                      {
                        "control_type": "text",
                        "label": "16 x 16",
                        "type": "string",
                        "name": "16x16"
                      },
                      {
                        "control_type": "text",
                        "label": "32 x 32",
                        "type": "string",
                        "name": "32x32"
                      }
                    ],
                    "label": "Avatar urls",
                    "type": "object",
                    "name": "avatarUrls"
                  },
                  {
                    "control_type": "text",
                    "label": "Display name",
                    "type": "string",
                    "name": "displayName"
                  },
                  {
                    "control_type": "text",
                    "label": "Active",
                    "render_input": {
                    },
                    "parse_output": {
                    },
                    "toggle_hint": "Select from option list",
                    "toggle_field": {
                      "label": "Active",
                      "control_type": "text",
                      "toggle_hint": "Use custom value",
                      "type": "boolean",
                      "name": "active"
                    },
                    "type": "boolean",
                    "name": "active"
                  },
                  {
                    "control_type": "text",
                    "label": "Time zone",
                    "type": "string",
                    "name": "timeZone"
                  }
                ],
                "label": "Author",
                "type": "object",
                "name": "author"
              },
              {
                "control_type": "date_time",
                "label": "Created",
                "render_input": "convert_date_time",
                "parse_output": "convert_date_time",
                "type": "date_time",
                "name": "created"
              },
              {
                "name": "items",
                "type": "array",
                "of": "object",
                "label": "Items",
                "properties": [
                  {
                    "control_type": "text",
                    "label": "Field",
                    "type": "string",
                    "name": "field"
                  },
                  {
                    "control_type": "text",
                    "label": "Field type",
                    "type": "string",
                    "name": "fieldtype"
                  },
                  {
                    "control_type": "text",
                    "label": "Field ID",
                    "type": "string",
                    "name": "fieldId"
                  },
                  {
                    "control_type": "text",
                    "label": "From",
                    "type": "string",
                    "name": "from"
                  },
                  {
                    "control_type": "text",
                    "label": "From string",
                    "type": "string",
                    "name": "fromString"
                  },
                  {
                    "control_type": "text",
                    "label": "To",
                    "type": "string",
                    "name": "to"
                  },
                  {
                    "control_type": "text",
                    "label": "To string",
                    "type": "string",
                    "name": "toString"
                  }
                ]
              }
            ]
          }
        ],
        "type": "object"
      },
      {
        "label": "Fields",
        "name": "fields",
        "properties": [
          {
            "control_type": "date_time",
            "label": "Status Category Changed",
            "render_input": "convert_date_time",
            "parse_output": "convert_date_time",
            "custom": false,
            "type": "date_time",
            "name": "statuscategorychangedate"
          },
          {
            "properties": [
              {
                "control_type": "url",
                "label": "Self",
                "extended": true,
                "custom": false,
                "type": "string",
                "name": "self"
              },
              {
                "control_type": "text",
                "label": "ID",
                "custom": false,
                "type": "string",
                "name": "id"
              },
              {
                "control_type": "text",
                "label": "Description",
                "custom": false,
                "type": "string",
                "name": "description"
              },
              {
                "control_type": "text",
                "label": "Icon URL",
                "extended": true,
                "custom": false,
                "type": "string",
                "name": "iconUrl"
              },
              {
                "control_type": "text",
                "label": "Name",
                "custom": false,
                "type": "string",
                "name": "name"
              },
              {
                "control_type": "checkbox",
                "label": "Sub task",
                "render_input": {
                },
                "parse_output": {
                },
                "toggle_hint": "Select from option list",
                "toggle_field": {
                  "label": "Sub task",
                  "control_type": "text",
                  "toggle_hint": "Use custom value",
                  "custom": false,
                  "type": "boolean",
                  "name": "subtask"
                },
                "custom": false,
                "type": "boolean",
                "name": "subtask"
              }
            ],
            "label": "Issue Type",
            "custom": false,
            "type": "object",
            "name": "issuetype"
          },
          {
            "control_type": "number",
            "label": "Time Spent",
            "parse_output": "float_conversion",
            "custom": false,
            "type": "number",
            "name": "timespent"
          },
          {
            "control_type": "text",
            "label": "Panoray Grade Score",
            "custom": true,
            "type": "string",
            "name": "customfield_10030"
          },
          {
            "properties": [
              {
                "control_type": "url",
                "label": "Self",
                "extended": true,
                "custom": false,
                "type": "string",
                "name": "self"
              },
              {
                "control_type": "text",
                "label": "ID",
                "custom": false,
                "type": "string",
                "name": "id"
              },
              {
                "control_type": "text",
                "label": "Key",
                "extended": true,
                "custom": false,
                "type": "string",
                "name": "key"
              },
              {
                "control_type": "text",
                "label": "Name",
                "custom": false,
                "type": "string",
                "name": "name"
              },
              {
                "properties": [
                  {
                    "control_type": "url",
                    "label": "48 x 48",
                    "extended": true,
                    "custom": false,
                    "type": "string",
                    "name": "48x48"
                  },
                  {
                    "control_type": "url",
                    "label": "24 x 24",
                    "extended": true,
                    "custom": false,
                    "type": "string",
                    "name": "24x24"
                  }
                ],
                "label": "Avatar urls",
                "custom": false,
                "type": "object",
                "name": "avatarUrls"
              }
            ],
            "label": "Project",
            "custom": false,
            "type": "object",
            "name": "project"
          },
          {
            "control_type": "text",
            "label": "Panoray ID",
            "custom": true,
            "type": "string",
            "name": "customfield_10031"
          },
          {
            "control_type": "text",
            "label": "Asset Name",
            "custom": true,
            "type": "string",
            "name": "customfield_10032"
          },
          {
            "name": "fixVersions",
            "type": "array",
            "of": "object",
            "label": "Fix versions",
            "custom": false,
            "properties": [
              {
                "control_type": "url",
                "label": "Self",
                "custom": false,
                "type": "string",
                "name": "self"
              },
              {
                "control_type": "text",
                "label": "ID",
                "custom": false,
                "type": "string",
                "name": "id"
              },
              {
                "control_type": "text",
                "label": "Description",
                "custom": false,
                "type": "string",
                "name": "description"
              },
              {
                "control_type": "text",
                "label": "Name",
                "custom": false,
                "type": "string",
                "name": "name"
              }
            ]
          },
          {
            "control_type": "number",
            "label": "Open forms",
            "parse_output": "float_conversion",
            "custom": true,
            "type": "number",
            "name": "customfield_10033"
          },
          {
            "control_type": "number",
            "label": "Σ Time Spent",
            "parse_output": "float_conversion",
            "custom": false,
            "type": "number",
            "name": "aggregatetimespent"
          },
          {
            "control_type": "number",
            "label": "Submitted forms",
            "parse_output": "float_conversion",
            "custom": true,
            "type": "number",
            "name": "customfield_10034"
          },
          {
            "properties": [
              {
                "control_type": "url",
                "label": "Self",
                "custom": false,
                "type": "string",
                "name": "self"
              },
              {
                "control_type": "text",
                "label": "ID",
                "custom": false,
                "type": "string",
                "name": "id"
              },
              {
                "control_type": "text",
                "label": "Description",
                "custom": false,
                "type": "string",
                "name": "description"
              },
              {
                "control_type": "text",
                "label": "Name",
                "custom": false,
                "type": "string",
                "name": "name"
              }
            ],
            "label": "Resolution",
            "custom": false,
            "type": "object",
            "name": "resolution"
          },
          {
            "control_type": "number",
            "label": "Locked forms",
            "parse_output": "float_conversion",
            "custom": true,
            "type": "number",
            "name": "customfield_10035"
          },
          {
            "control_type": "number",
            "label": "Total forms",
            "parse_output": "float_conversion",
            "custom": true,
            "type": "number",
            "name": "customfield_10036"
          },
          {
            "properties": [
              {
                "control_type": "url",
                "label": "Self",
                "custom": true,
                "type": "string",
                "name": "self"
              },
              {
                "control_type": "text",
                "label": "Value",
                "custom": true,
                "type": "string",
                "name": "value"
              },
              {
                "control_type": "text",
                "label": "ID",
                "custom": true,
                "type": "string",
                "name": "id"
              }
            ],
            "label": "Category",
            "custom": true,
            "type": "object",
            "name": "customfield_10037"
          },
          {
            "control_type": "text",
            "label": "Panoray Approval Status",
            "custom": true,
            "type": "string",
            "name": "customfield_10029"
          },
          {
            "control_type": "date_time",
            "label": "Resolved",
            "render_input": "convert_date_time",
            "parse_output": "convert_date_time",
            "custom": false,
            "type": "date_time",
            "name": "resolutiondate"
          },
          {
            "control_type": "number",
            "label": "Work Ratio",
            "parse_output": "float_conversion",
            "custom": false,
            "type": "number",
            "name": "workratio"
          },
          {
            "control_type": "date_time",
            "label": "Last Viewed",
            "render_input": "convert_date_time",
            "parse_output": "convert_date_time",
            "custom": false,
            "type": "date_time",
            "name": "lastViewed"
          },
          {
            "properties": [
              {
                "control_type": "url",
                "label": "Self",
                "custom": false,
                "type": "string",
                "name": "self"
              },
              {
                "control_type": "number",
                "label": "Watch count",
                "parse_output": "integer_conversion",
                "custom": false,
                "type": "integer",
                "name": "watchCount"
              },
              {
                "control_type": "checkbox",
                "label": "Is watching",
                "render_input": {
                },
                "parse_output": {
                },
                "toggle_hint": "Select from option list",
                "toggle_field": {
                  "label": "Is watching",
                  "control_type": "text",
                  "toggle_hint": "Use custom value",
                  "custom": false,
                  "type": "boolean",
                  "name": "isWatching"
                },
                "custom": false,
                "type": "boolean",
                "name": "isWatching"
              }
            ],
            "label": "Watchers",
            "custom": false,
            "type": "object",
            "name": "watches"
          },
          {
            "control_type": "date_time",
            "label": "Created",
            "render_input": "convert_date_time",
            "parse_output": "convert_date_time",
            "custom": false,
            "type": "date_time",
            "name": "created"
          },
          {
            "name": "customfield_10020",
            "type": "array",
            "of": "object",
            "label": "Sprint",
            "custom": true,
            "properties": [
              {
                "control_type": "text",
                "label": "Sprint",
                "custom": true,
                "type": "string",
                "name": "customfield_10020"
              }
            ]
          },
          {
            "name": "customfield_10021",
            "type": "array",
            "of": "object",
            "label": "Flagged",
            "custom": true,
            "properties": [
              {
                "control_type": "url",
                "label": "Self",
                "custom": true,
                "type": "string",
                "name": "self"
              },
              {
                "control_type": "text",
                "label": "Value",
                "custom": true,
                "type": "string",
                "name": "value"
              },
              {
                "control_type": "text",
                "label": "ID",
                "custom": true,
                "type": "string",
                "name": "id"
              }
            ]
          },
          {
            "control_type": "date",
            "label": "Target start",
            "render_input": "render_date_input",
            "parse_output": "parse_date_output",
            "custom": true,
            "type": "date_time",
            "name": "customfield_10022"
          },
          {
            "properties": [
              {
                "control_type": "url",
                "label": "Self",
                "extended": true,
                "custom": false,
                "type": "string",
                "name": "self"
              },
              {
                "control_type": "url",
                "label": "Icon URL",
                "extended": true,
                "custom": false,
                "type": "string",
                "name": "iconUrl"
              },
              {
                "control_type": "text",
                "label": "Name",
                "custom": false,
                "type": "string",
                "name": "name"
              },
              {
                "control_type": "text",
                "label": "ID",
                "custom": false,
                "type": "string",
                "name": "id"
              }
            ],
            "label": "Priority",
            "custom": false,
            "type": "object",
            "name": "priority"
          },
          {
            "control_type": "date",
            "label": "Target end",
            "render_input": "render_date_input",
            "parse_output": "parse_date_output",
            "custom": true,
            "type": "date_time",
            "name": "customfield_10023"
          },
          {
            "control_type": "date_time",
            "label": "[CHART] Date of First Response",
            "render_input": "convert_date_time",
            "parse_output": "convert_date_time",
            "custom": true,
            "type": "date_time",
            "name": "customfield_10024"
          },
          {
            "control_type": "text",
            "label": "[CHART] Time in Status",
            "custom": true,
            "type": "string",
            "name": "customfield_10025"
          },
          {
            "name": "labels",
            "type": "array",
            "of": "object",
            "label": "Labels",
            "custom": false,
            "properties": [
              {
                "control_type": "text",
                "label": "Label",
                "custom": false,
                "type": "string",
                "name": "label"
              }
            ]
          },
          {
            "control_type": "number",
            "label": "Story point estimate",
            "parse_output": "float_conversion",
            "custom": true,
            "type": "number",
            "name": "customfield_10016"
          },
          {
            "control_type": "text",
            "label": "Issue color",
            "custom": true,
            "type": "string",
            "name": "customfield_10017"
          },
          {
            "control_type": "text",
            "label": "Parent Link",
            "custom": true,
            "type": "string",
            "name": "customfield_10018"
          },
          {
            "control_type": "text",
            "label": "Rank",
            "custom": true,
            "type": "string",
            "name": "customfield_10019"
          },
          {
            "control_type": "number",
            "label": "Remaining Estimate",
            "parse_output": "float_conversion",
            "custom": false,
            "type": "number",
            "name": "timeestimate"
          },
          {
            "control_type": "number",
            "label": "Σ Original Estimate",
            "parse_output": "float_conversion",
            "custom": false,
            "type": "number",
            "name": "aggregatetimeoriginalestimate"
          },
          {
            "name": "versions",
            "type": "array",
            "of": "object",
            "label": "Affects versions",
            "custom": false,
            "properties": [
              {
                "control_type": "url",
                "label": "Self",
                "custom": false,
                "type": "string",
                "name": "self"
              },
              {
                "control_type": "text",
                "label": "ID",
                "custom": false,
                "type": "string",
                "name": "id"
              },
              {
                "control_type": "text",
                "label": "Description",
                "custom": false,
                "type": "string",
                "name": "description"
              },
              {
                "control_type": "text",
                "label": "Name",
                "custom": false,
                "type": "string",
                "name": "name"
              }
            ]
          },
          {
            "name": "issuelinks",
            "type": "array",
            "of": "object",
            "label": "Linked Issues",
            "custom": false,
            "properties": [
              {
                "control_type": "url",
                "label": "Self",
                "custom": false,
                "type": "string",
                "name": "self"
              },
              {
                "control_type": "text",
                "label": "ID",
                "custom": false,
                "type": "string",
                "name": "id"
              },
              {
                "properties": [
                  {
                    "control_type": "text",
                    "label": "ID",
                    "custom": false,
                    "type": "string",
                    "name": "id"
                  },
                  {
                    "control_type": "text",
                    "label": "Name",
                    "custom": false,
                    "type": "string",
                    "name": "name"
                  },
                  {
                    "control_type": "text",
                    "label": "Inward",
                    "custom": false,
                    "type": "string",
                    "name": "inward"
                  },
                  {
                    "control_type": "text",
                    "label": "Outward",
                    "custom": false,
                    "type": "string",
                    "name": "outward"
                  },
                  {
                    "control_type": "url",
                    "label": "Self",
                    "custom": false,
                    "type": "string",
                    "name": "self"
                  }
                ],
                "label": "Type",
                "custom": false,
                "type": "object",
                "name": "type"
              },
              {
                "properties": [
                  {
                    "control_type": "url",
                    "label": "Self",
                    "custom": false,
                    "type": "string",
                    "name": "self"
                  },
                  {
                    "control_type": "text",
                    "label": "Key",
                    "custom": false,
                    "type": "string",
                    "name": "key"
                  },
                  {
                    "control_type": "text",
                    "label": "ID",
                    "custom": false,
                    "type": "string",
                    "name": "id"
                  }
                ],
                "label": "Inward issue",
                "custom": false,
                "type": "object",
                "name": "inwardIssue"
              },
              {
                "properties": [
                  {
                    "control_type": "url",
                    "label": "Self",
                    "custom": false,
                    "type": "string",
                    "name": "self"
                  },
                  {
                    "control_type": "text",
                    "label": "Key",
                    "custom": false,
                    "type": "string",
                    "name": "key"
                  },
                  {
                    "control_type": "text",
                    "label": "ID",
                    "custom": false,
                    "type": "string",
                    "name": "id"
                  }
                ],
                "label": "Outward issue",
                "custom": false,
                "type": "object",
                "name": "outwardIssue"
              }
            ]
          },
          {
            "properties": [
              {
                "control_type": "url",
                "label": "Self",
                "extended": true,
                "custom": false,
                "type": "string",
                "name": "self"
              },
              {
                "control_type": "url",
                "label": "Key",
                "extended": true,
                "custom": false,
                "type": "string",
                "name": "key"
              },
              {
                "control_type": "text",
                "label": "Name",
                "custom": false,
                "type": "string",
                "name": "name"
              },
              {
                "control_type": "text",
                "label": "Account ID",
                "custom": false,
                "type": "string",
                "name": "accountId"
              },
              {
                "control_type": "text",
                "label": "Email address",
                "custom": false,
                "type": "string",
                "name": "emailAddress"
              },
              {
                "properties": [
                  {
                    "control_type": "url",
                    "label": "48 x 48",
                    "extended": true,
                    "custom": false,
                    "type": "string",
                    "name": "48x48"
                  },
                  {
                    "control_type": "url",
                    "label": "24 x 24",
                    "extended": true,
                    "custom": false,
                    "type": "string",
                    "name": "24x24"
                  }
                ],
                "label": "Avatar urls",
                "extended": true,
                "custom": false,
                "type": "object",
                "name": "avatarUrls"
              },
              {
                "control_type": "text",
                "label": "Display name",
                "custom": false,
                "type": "string",
                "name": "displayName"
              },
              {
                "control_type": "checkbox",
                "label": "Active",
                "render_input": {
                },
                "parse_output": {
                },
                "toggle_hint": "Select from option list",
                "toggle_field": {
                  "label": "Active",
                  "control_type": "text",
                  "toggle_hint": "Use custom value",
                  "extended": true,
                  "custom": false,
                  "type": "boolean",
                  "name": "active"
                },
                "extended": true,
                "custom": false,
                "type": "boolean",
                "name": "active"
              },
              {
                "control_type": "text",
                "label": "Time zone",
                "extended": true,
                "custom": false,
                "type": "string",
                "name": "timeZone"
              }
            ],
            "label": "Assignee",
            "custom": false,
            "type": "object",
            "name": "assignee"
          },
          {
            "control_type": "date_time",
            "label": "Updated",
            "render_input": "convert_date_time",
            "parse_output": "convert_date_time",
            "custom": false,
            "type": "date_time",
            "name": "updated"
          },
          {
            "properties": [
              {
                "control_type": "url",
                "label": "Self",
                "extended": true,
                "custom": false,
                "type": "string",
                "name": "self"
              },
              {
                "control_type": "text",
                "label": "Description",
                "custom": false,
                "type": "string",
                "name": "description"
              },
              {
                "control_type": "url",
                "label": "Icon URL",
                "extended": true,
                "custom": false,
                "type": "string",
                "name": "iconUrl"
              },
              {
                "control_type": "text",
                "label": "Name",
                "custom": false,
                "type": "string",
                "name": "name"
              },
              {
                "control_type": "text",
                "label": "ID",
                "custom": false,
                "type": "string",
                "name": "id"
              },
              {
                "properties": [
                  {
                    "control_type": "url",
                    "label": "Self",
                    "extended": true,
                    "custom": false,
                    "type": "string",
                    "name": "self"
                  },
                  {
                    "control_type": "number",
                    "label": "ID",
                    "parse_output": "integer_conversion",
                    "custom": false,
                    "type": "integer",
                    "name": "id"
                  },
                  {
                    "control_type": "text",
                    "label": "Key",
                    "extended": true,
                    "custom": false,
                    "type": "string",
                    "name": "key"
                  },
                  {
                    "control_type": "text",
                    "label": "Color name",
                    "extended": true,
                    "custom": false,
                    "type": "string",
                    "name": "colorName"
                  },
                  {
                    "control_type": "text",
                    "label": "Name",
                    "custom": false,
                    "type": "string",
                    "name": "name"
                  }
                ],
                "label": "Status category",
                "custom": false,
                "type": "object",
                "name": "statusCategory"
              }
            ],
            "label": "Status",
            "custom": false,
            "type": "object",
            "name": "status"
          },
          {
            "name": "components",
            "type": "array",
            "of": "object",
            "label": "Components",
            "custom": false,
            "properties": [
              {
                "control_type": "url",
                "label": "Self",
                "custom": false,
                "type": "string",
                "name": "self"
              },
              {
                "control_type": "text",
                "label": "ID",
                "custom": false,
                "type": "string",
                "name": "id"
              },
              {
                "control_type": "text",
                "label": "Name",
                "custom": false,
                "type": "string",
                "name": "name"
              }
            ]
          },
          {
            "control_type": "number",
            "label": "Original estimate",
            "parse_output": "float_conversion",
            "custom": false,
            "type": "number",
            "name": "timeoriginalestimate"
          },
          {
            "control_type": "text",
            "label": "Description",
            "custom": false,
            "type": "string",
            "name": "description"
          },
          {
            "control_type": "text",
            "label": "Epic Name",
            "custom": true,
            "type": "string",
            "name": "customfield_10011"
          },
          {
            "properties": [
              {
                "control_type": "url",
                "label": "Self",
                "custom": true,
                "type": "string",
                "name": "self"
              },
              {
                "control_type": "text",
                "label": "Value",
                "custom": true,
                "type": "string",
                "name": "value"
              },
              {
                "control_type": "text",
                "label": "ID",
                "custom": true,
                "type": "string",
                "name": "id"
              }
            ],
            "label": "Epic Status",
            "custom": true,
            "type": "object",
            "name": "customfield_10012"
          },
          {
            "control_type": "text",
            "label": "Epic Color",
            "custom": true,
            "type": "string",
            "name": "customfield_10013"
          },
          {
            "control_type": "text",
            "label": "Epic Link",
            "custom": true,
            "type": "string",
            "name": "customfield_10014"
          },
          {
            "control_type": "date",
            "label": "Start date",
            "render_input": "render_date_input",
            "parse_output": "parse_date_output",
            "custom": true,
            "type": "date_time",
            "name": "customfield_10015"
          },
          {
            "properties": [
              {
                "control_type": "url",
                "label": "Self",
                "custom": true,
                "type": "string",
                "name": "self"
              },
              {
                "control_type": "text",
                "label": "Value",
                "custom": true,
                "type": "string",
                "name": "value"
              },
              {
                "control_type": "text",
                "label": "ID",
                "custom": true,
                "type": "string",
                "name": "id"
              }
            ],
            "label": "Change type",
            "custom": true,
            "type": "object",
            "name": "customfield_10005"
          },
          {
            "properties": [
              {
                "control_type": "url",
                "label": "Self",
                "custom": true,
                "type": "string",
                "name": "self"
              },
              {
                "control_type": "text",
                "label": "Value",
                "custom": true,
                "type": "string",
                "name": "value"
              },
              {
                "control_type": "text",
                "label": "ID",
                "custom": true,
                "type": "string",
                "name": "id"
              }
            ],
            "label": "Change risk",
            "custom": true,
            "type": "object",
            "name": "customfield_10006"
          },
          {
            "properties": [
              {
                "control_type": "url",
                "label": "Self",
                "custom": true,
                "type": "string",
                "name": "self"
              },
              {
                "control_type": "text",
                "label": "Value",
                "custom": true,
                "type": "string",
                "name": "value"
              },
              {
                "control_type": "text",
                "label": "ID",
                "custom": true,
                "type": "string",
                "name": "id"
              }
            ],
            "label": "Change reason",
            "custom": true,
            "type": "object",
            "name": "customfield_10007"
          },
          {
            "control_type": "date_time",
            "label": "Actual start",
            "render_input": "convert_date_time",
            "parse_output": "convert_date_time",
            "custom": true,
            "type": "date_time",
            "name": "customfield_10008"
          },
          {
            "name": "attachment",
            "type": "array",
            "of": "object",
            "label": "Attachment",
            "custom": false,
            "properties": [
              {
                "control_type": "text",
                "label": "Self",
                "type": "string",
                "name": "self"
              },
              {
                "control_type": "text",
                "label": "Filename",
                "type": "string",
                "name": "filename"
              },
              {
                "properties": [
                  {
                    "control_type": "url",
                    "label": "Self url",
                    "type": "string",
                    "name": "self"
                  },
                  {
                    "control_type": "text",
                    "label": "Key",
                    "type": "string",
                    "name": "key"
                  },
                  {
                    "control_type": "text",
                    "label": "Name",
                    "event_title": true,
                    "type": "string",
                    "name": "name"
                  },
                  {
                    "control_type": "text",
                    "label": "Account ID",
                    "type": "string",
                    "name": "accountId"
                  },
                  {
                    "control_type": "text",
                    "label": "Email address",
                    "type": "string",
                    "name": "emailAddress"
                  },
                  {
                    "properties": [
                      {
                        "control_type": "url",
                        "label": "16 x 16",
                        "type": "string",
                        "name": "16x16"
                      },
                      {
                        "control_type": "url",
                        "label": "24 x 24",
                        "type": "string",
                        "name": "24x24"
                      },
                      {
                        "control_type": "url",
                        "label": "32 x 32",
                        "type": "string",
                        "name": "32x32"
                      },
                      {
                        "control_type": "url",
                        "label": "48 x 48",
                        "type": "string",
                        "name": "48x48"
                      }
                    ],
                    "label": "Avatar urls",
                    "type": "object",
                    "name": "avatarUrls"
                  },
                  {
                    "control_type": "text",
                    "label": "Display name",
                    "type": "string",
                    "name": "displayName"
                  },
                  {
                    "control_type": "checkbox",
                    "label": "Active",
                    "render_input": {
                    },
                    "parse_output": {
                    },
                    "toggle_hint": "Select from option list",
                    "toggle_field": {
                      "label": "Active",
                      "control_type": "text",
                      "toggle_hint": "Use custom value",
                      "type": "boolean",
                      "name": "active"
                    },
                    "type": "boolean",
                    "name": "active"
                  },
                  {
                    "control_type": "text",
                    "label": "Time zone",
                    "type": "string",
                    "name": "timeZone"
                  }
                ],
                "label": "Author",
                "type": "object",
                "name": "author"
              },
              {
                "control_type": "date_time",
                "label": "Created",
                "render_input": "convert_date_time",
                "parse_output": "convert_date_time",
                "type": "date_time",
                "name": "created"
              },
              {
                "control_type": "text",
                "label": "Size",
                "type": "string",
                "name": "size"
              },
              {
                "control_type": "text",
                "label": "Mime type",
                "type": "string",
                "name": "mimeType"
              },
              {
                "control_type": "text",
                "label": "Content",
                "type": "string",
                "name": "content"
              },
              {
                "control_type": "text",
                "label": "Thumbnail",
                "type": "string",
                "name": "thumbnail"
              }
            ]
          },
          {
            "control_type": "number",
            "label": "Σ Remaining Estimate",
            "parse_output": "float_conversion",
            "custom": false,
            "type": "number",
            "name": "aggregatetimeestimate"
          },
          {
            "control_type": "date_time",
            "label": "Actual end",
            "render_input": "convert_date_time",
            "parse_output": "convert_date_time",
            "custom": true,
            "type": "date_time",
            "name": "customfield_10009"
          },
          {
            "control_type": "text",
            "label": "Summary",
            "custom": false,
            "type": "string",
            "name": "summary"
          },
          {
            "properties": [
              {
                "control_type": "url",
                "label": "Self",
                "extended": true,
                "custom": false,
                "type": "string",
                "name": "self"
              },
              {
                "control_type": "url",
                "label": "Key",
                "extended": true,
                "custom": false,
                "type": "string",
                "name": "key"
              },
              {
                "control_type": "text",
                "label": "Name",
                "custom": false,
                "type": "string",
                "name": "name"
              },
              {
                "control_type": "text",
                "label": "Account ID",
                "custom": false,
                "type": "string",
                "name": "accountId"
              },
              {
                "control_type": "text",
                "label": "Email address",
                "custom": false,
                "type": "string",
                "name": "emailAddress"
              },
              {
                "properties": [
                  {
                    "control_type": "url",
                    "label": "48 x 48",
                    "extended": true,
                    "custom": false,
                    "type": "string",
                    "name": "48x48"
                  },
                  {
                    "control_type": "url",
                    "label": "24 x 24",
                    "extended": true,
                    "custom": false,
                    "type": "string",
                    "name": "24x24"
                  }
                ],
                "label": "Avatar urls",
                "extended": true,
                "custom": false,
                "type": "object",
                "name": "avatarUrls"
              },
              {
                "control_type": "text",
                "label": "Display name",
                "custom": false,
                "type": "string",
                "name": "displayName"
              },
              {
                "control_type": "checkbox",
                "label": "Active",
                "render_input": {
                },
                "parse_output": {
                },
                "toggle_hint": "Select from option list",
                "toggle_field": {
                  "label": "Active",
                  "control_type": "text",
                  "toggle_hint": "Use custom value",
                  "extended": true,
                  "custom": false,
                  "type": "boolean",
                  "name": "active"
                },
                "extended": true,
                "custom": false,
                "type": "boolean",
                "name": "active"
              },
              {
                "control_type": "text",
                "label": "Time zone",
                "extended": true,
                "custom": false,
                "type": "string",
                "name": "timeZone"
              }
            ],
            "label": "Creator",
            "custom": false,
            "type": "object",
            "name": "creator"
          },
          {
            "name": "subtasks",
            "type": "array",
            "of": "object",
            "label": "Sub-tasks",
            "custom": false,
            "properties": [
              {
                "control_type": "url",
                "label": "Self",
                "custom": false,
                "type": "string",
                "name": "self"
              },
              {
                "control_type": "text",
                "label": "Key",
                "custom": false,
                "type": "string",
                "name": "key"
              },
              {
                "control_type": "text",
                "label": "ID",
                "custom": false,
                "type": "string",
                "name": "id"
              }
            ]
          },
          {
            "control_type": "text",
            "label": "Compass",
            "custom": true,
            "type": "string",
            "name": "customfield_10040"
          },
          {
            "properties": [
              {
                "control_type": "url",
                "label": "Self",
                "extended": true,
                "custom": false,
                "type": "string",
                "name": "self"
              },
              {
                "control_type": "url",
                "label": "Key",
                "extended": true,
                "custom": false,
                "type": "string",
                "name": "key"
              },
              {
                "control_type": "text",
                "label": "Name",
                "custom": false,
                "type": "string",
                "name": "name"
              },
              {
                "control_type": "text",
                "label": "Account ID",
                "custom": false,
                "type": "string",
                "name": "accountId"
              },
              {
                "control_type": "text",
                "label": "Email address",
                "custom": false,
                "type": "string",
                "name": "emailAddress"
              },
              {
                "properties": [
                  {
                    "control_type": "url",
                    "label": "48 x 48",
                    "extended": true,
                    "custom": false,
                    "type": "string",
                    "name": "48x48"
                  },
                  {
                    "control_type": "url",
                    "label": "24 x 24",
                    "extended": true,
                    "custom": false,
                    "type": "string",
                    "name": "24x24"
                  }
                ],
                "label": "Avatar urls",
                "extended": true,
                "custom": false,
                "type": "object",
                "name": "avatarUrls"
              },
              {
                "control_type": "text",
                "label": "Display name",
                "custom": false,
                "type": "string",
                "name": "displayName"
              },
              {
                "control_type": "checkbox",
                "label": "Active",
                "render_input": {
                },
                "parse_output": {
                },
                "toggle_hint": "Select from option list",
                "toggle_field": {
                  "label": "Active",
                  "control_type": "text",
                  "toggle_hint": "Use custom value",
                  "extended": true,
                  "custom": false,
                  "type": "boolean",
                  "name": "active"
                },
                "extended": true,
                "custom": false,
                "type": "boolean",
                "name": "active"
              },
              {
                "control_type": "text",
                "label": "Time zone",
                "extended": true,
                "custom": false,
                "type": "string",
                "name": "timeZone"
              }
            ],
            "label": "Reporter",
            "custom": false,
            "type": "object",
            "name": "reporter"
          },
          {
            "properties": [
              {
                "control_type": "number",
                "label": "Progress",
                "parse_output": "integer_conversion",
                "custom": false,
                "type": "integer",
                "name": "progress"
              },
              {
                "control_type": "number",
                "label": "Total",
                "parse_output": "integer_conversion",
                "custom": false,
                "type": "integer",
                "name": "total"
              }
            ],
            "label": "Σ Progress",
            "custom": false,
            "type": "object",
            "name": "aggregateprogress"
          },
          {
            "control_type": "text",
            "label": "Development",
            "custom": true,
            "type": "string",
            "name": "customfield_10000"
          },
          {
            "control_type": "text",
            "label": "Team",
            "custom": true,
            "type": "string",
            "name": "customfield_10001"
          },
          {
            "control_type": "text",
            "label": "Organizations",
            "custom": true,
            "type": "string",
            "name": "customfield_10002"
          },
          {
            "name": "customfield_10003",
            "type": "array",
            "of": "object",
            "label": "Approvers",
            "custom": true,
            "properties": [
              {
                "control_type": "text",
                "label": "Approver",
                "custom": true,
                "type": "string",
                "name": "customfield_10003"
              }
            ]
          },
          {
            "properties": [
              {
                "control_type": "url",
                "label": "Self",
                "custom": true,
                "type": "string",
                "name": "self"
              },
              {
                "control_type": "text",
                "label": "Value",
                "custom": true,
                "type": "string",
                "name": "value"
              },
              {
                "control_type": "text",
                "label": "ID",
                "custom": true,
                "type": "string",
                "name": "id"
              }
            ],
            "label": "Impact",
            "custom": true,
            "type": "object",
            "name": "customfield_10004"
          },
          {
            "properties": [
              {
                "control_type": "url",
                "label": "Self",
                "custom": true,
                "type": "string",
                "name": "self"
              },
              {
                "control_type": "text",
                "label": "Value",
                "custom": true,
                "type": "string",
                "name": "value"
              },
              {
                "control_type": "text",
                "label": "ID",
                "custom": true,
                "type": "string",
                "name": "id"
              }
            ],
            "label": "Priority",
            "custom": true,
            "type": "object",
            "name": "customfield_10038"
          },
          {
            "properties": [
              {
                "control_type": "url",
                "label": "Self",
                "custom": true,
                "type": "string",
                "name": "self"
              },
              {
                "control_type": "text",
                "label": "Value",
                "custom": true,
                "type": "string",
                "name": "value"
              },
              {
                "control_type": "text",
                "label": "ID",
                "custom": true,
                "type": "string",
                "name": "id"
              }
            ],
            "label": "Issue Priority",
            "custom": true,
            "type": "object",
            "name": "customfield_10039"
          },
          {
            "control_type": "text",
            "label": "Environment",
            "custom": false,
            "type": "string",
            "name": "environment"
          },
          {
            "control_type": "date",
            "label": "Due date",
            "render_input": "render_date_input",
            "parse_output": "parse_date_output",
            "custom": false,
            "type": "date_time",
            "name": "duedate"
          },
          {
            "properties": [
              {
                "control_type": "number",
                "label": "Progress",
                "parse_output": "integer_conversion",
                "custom": false,
                "type": "integer",
                "name": "progress"
              },
              {
                "control_type": "number",
                "label": "Total",
                "parse_output": "integer_conversion",
                "custom": false,
                "type": "integer",
                "name": "total"
              }
            ],
            "label": "Progress",
            "custom": false,
            "type": "object",
            "name": "progress"
          },
          {
            "properties": [
              {
                "control_type": "url",
                "label": "Self",
                "custom": false,
                "type": "string",
                "name": "self"
              },
              {
                "control_type": "number",
                "label": "Votes",
                "parse_output": "integer_conversion",
                "custom": false,
                "type": "integer",
                "name": "votes"
              },
              {
                "control_type": "checkbox",
                "label": "Has voted",
                "render_input": {
                },
                "parse_output": {
                },
                "toggle_hint": "Select from option list",
                "toggle_field": {
                  "label": "Has voted",
                  "control_type": "text",
                  "toggle_hint": "Use custom value",
                  "custom": false,
                  "type": "boolean",
                  "name": "hasVoted"
                },
                "custom": false,
                "type": "boolean",
                "name": "hasVoted"
              }
            ],
            "label": "Votes",
            "custom": false,
            "type": "object",
            "name": "votes"
          },
          {
            "name": "worklog",
            "type": "array",
            "of": "object",
            "label": "Log Work",
            "custom": false,
            "properties": [
              {
                "control_type": "text",
                "label": "Log Work",
                "custom": false,
                "type": "string",
                "name": "worklog"
              }
            ]
          }
        ],
        "type": "object"
      }
    ],
    "block": [
      {
        "number": 1,
        "provider": "kafka",
        "name": "publish_to_topic",
        "as": "0e1e880e",
        "mask_data": true,
        "title": null,
        "description": null,
        "keyword": "action",
        "dynamicPickListSelection": {
          "topic": "workato",
          "workato_schema_id": "Salesforce"
        },
        "toggleCfg": {
          "topic": true
        },
        "input": {
          "topic": "workato",
          "workato_schema_id": {
            "zip_name": "jirakafka.workato_schema.json",
            "name": "jirakafka",
            "folder": ""
          },
          "message": {
            "input": {
              "jiraissue": "#{_('data.jira.7107f17f.id')}",
              "comment": "#{_('data.jira.7107f17f.self')}",
              "description": "#{_('data.jira.7107f17f.fields.issuetype.description')}",
              "url": "#{_('data.jira.7107f17f.self')}"
            }
          },
          "schema_source": "workato"
        },
        "extended_input_schema": [
          {
            "label": "Message",
            "name": "message",
            "properties": [
              {
                "properties": [
                  {
                    "control_type": "text",
                    "label": "Jiraissue",
                    "type": "string",
                    "name": "jiraissue"
                  },
                  {
                    "control_type": "text",
                    "label": "Comment",
                    "type": "string",
                    "name": "comment"
                  },
                  {
                    "control_type": "text",
                    "label": "Description",
                    "type": "string",
                    "name": "description"
                  },
                  {
                    "control_type": "text",
                    "label": "URL",
                    "type": "string",
                    "name": "url"
                  }
                ],
                "label": "Input",
                "type": "object",
                "name": "input"
              }
            ],
            "type": "object"
          },
          {
            "control_type": "text",
            "hint": "Message key, to be stored with the message.\n                   A key can be used by Kafka for selecting an appropriate topic partition\n                   (when partition is not assigned explicitly). Only string keys are supported.",
            "label": "Key",
            "name": "key",
            "optional": true,
            "sticky": true,
            "type": "string"
          },
          {
            "control_type": "integer",
            "hint": "You can explicitly publish message to the specific topic partition\n                    (index starts from 0). Otherwise Kafka will select partition automatically.",
            "label": "Partition",
            "name": "partition",
            "optional": true,
            "type": "integer",
            "parse_output": "integer_conversion"
          }
        ],
        "visible_config_fields": [
          "topic",
          "workato_schema_id",
          "key",
          "message",
          "message.firstname",
          "message.lastname",
          "message.email",
          "message.phone",
          "message.titile",
          "partition",
          "message.address",
          "message.jobtitle",
          "message.accountname",
          "message.businessphone",
          "message.mobilephone"
        ],
        "comment": "Will publish a message in Kafka following the salesforce_contact common data model using the Salesforce trigger datapills",
        "uuid": "97637919-4610-4730-9958-fb0e8adc8342",
        "skip": false
      },
      {
        "number": 2,
        "provider": "postgresql",
        "name": "insert_row",
        "as": "33fbeb39",
        "title": "Insert row in public.workatoopa",
        "description": "Insert <span class=\"provider\">row</span> in <span class=\"provider\">public.workatoopa</span> table in <span class=\"provider\">PostgreSQL</span>",
        "keyword": "action",
        "dynamicPickListSelection": {
          "table": "public.workatoopa"
        },
        "toggleCfg": {
          "table": true
        },
        "input": {
          "table": "public.workatoopa"
        },
        "extended_output_schema": [
          {
            "label": "Inserted key",
            "name": "columns",
            "properties": [

            ],
            "type": "object"
          }
        ],
        "extended_input_schema": [
          {
            "label": "Columns",
            "name": "columns",
            "properties": [
              {
                "control_type": "text",
                "label": "amount",
                "details": {
                  "primary_key": false,
                  "data_type": "text",
                  "column_name": "amount"
                },
                "optional": true,
                "hint": "text",
                "type": "string",
                "name": "amount"
              },
              {
                "control_type": "text",
                "label": "assetdescription",
                "details": {
                  "primary_key": false,
                  "data_type": "text",
                  "column_name": "assetdescription"
                },
                "optional": true,
                "hint": "text",
                "type": "string",
                "name": "assetdescription"
              },
              {
                "control_type": "text",
                "label": "assetname",
                "details": {
                  "primary_key": false,
                  "data_type": "text",
                  "column_name": "assetname"
                },
                "optional": true,
                "hint": "text",
                "type": "string",
                "name": "assetname"
              },
              {
                "control_type": "text",
                "label": "id",
                "details": {
                  "primary_key": false,
                  "data_type": "text",
                  "column_name": "id"
                },
                "optional": true,
                "hint": "text",
                "type": "string",
                "name": "id",
                "sticky": true
              }
            ],
            "type": "object"
          }
        ],
        "visible_config_fields": [
          "table",
          "columns.id",
          "columns.assetname",
          "columns.assetdescription",
          "columns.amount"
        ],
        "uuid": "dc940627-840d-48d6-b936-5c80f16978f3",
        "skip": true
      }
    ],
    "comment": "Comment Added",
    "uuid": "fee58f83-0128-440f-928e-300e25a34b59"
  },
  "config": [
    {
      "keyword": "application",
      "provider": "kafka",
      "account_id": {
        "zip_name": "my_second_apache_kafka_account.connection.json",
        "name": "My second Apache Kafka account",
        "folder": ""
      },
      "skip_validation": false
    },
    {
      "keyword": "application",
      "provider": "jira",
      "skip_validation": false,
      "account_id": {
        "zip_name": "Training/my_jira_account.connection.json",
        "name": "My Jira account",
        "folder": "Training"
      }
    },
    {
      "keyword": "application",
      "provider": "postgresql",
      "skip_validation": true,
      "account_id": {
        "zip_name": "OPA <> CSV <> SF/opa_latest.connection.json",
        "name": "OPA latest ",
        "folder": "OPA <> CSV <> SF"
      }
    }
  ]
}