{
  "name": "Pending Invoice",
  "description": "When there is a new event via HTTP webhook, do action",
  "version": 1,
  "private": true,
  "concurrency": 1,
  "code": {
    "number": 0,
    "provider": "workato_webhooks",
    "name": "new_event",
    "as": "5d1a056e",
    "keyword": "trigger",
    "dynamicPickListSelection": {
    },
    "toggleCfg": {
    },
    "input": {
    },
    "block": [

    ],
    "uuid": "80831c74-ec27-45c7-84e2-8780773726e7"
  },
  "config": [
    {
      "keyword": "application",
      "provider": "workato_webhooks",
      "skip_validation": false,
      "account_id": null
    },
    {
      "keyword": "application",
      "provider": "logger",
      "skip_validation": false,
      "account_id": null
    }
  ]
}