{
  "name": " Salesforce Contact published in Kafka",
  "description": "1. Triggers when a Contact is created / updated in Salesforce\n2. Publishes a Message on a specific Kafka topic containing Contact details, according to Salesforce_contact common data model\n\n",
  "version": 15,
  "private": true,
  "concurrency": 1,
  "code": {
    "number": 0,
    "provider": "salesforce",
    "name": "updated_custom_object",
    "as": "0746d360",
    "title": "New/updated Contact",
    "description": "New/updated <span class=\"provider\">Contact</span> in <span class=\"provider\">Salesforce</span>",
    "keyword": "trigger",
    "dynamicPickListSelection": {
      "sobject_name": "Contact",
      "field_list": [
        {
          "label": "Contact ID",
          "value": "Id"
        },
        {
          "label": "Deleted",
          "value": "IsDeleted"
        },
        {
          "label": "Master Record ID",
          "value": "MasterRecordId"
        },
        {
          "label": "Account ID",
          "value": "AccountId"
        },
        {
          "label": "Last Name",
          "value": "LastName"
        },
        {
          "label": "First Name",
          "value": "FirstName"
        },
        {
          "label": "Salutation",
          "value": "Salutation"
        },
        {
          "label": "Full Name",
          "value": "Name"
        },
        {
          "label": "Other Street",
          "value": "OtherStreet"
        },
        {
          "label": "Other City",
          "value": "OtherCity"
        },
        {
          "label": "Other State/Province",
          "value": "OtherState"
        },
        {
          "label": "Other Zip/Postal Code",
          "value": "OtherPostalCode"
        },
        {
          "label": "Other Country",
          "value": "OtherCountry"
        },
        {
          "label": "Other Latitude",
          "value": "OtherLatitude"
        },
        {
          "label": "Other Longitude",
          "value": "OtherLongitude"
        },
        {
          "label": "Other Geocode Accuracy",
          "value": "OtherGeocodeAccuracy"
        },
        {
          "label": "Other Address",
          "value": "OtherAddress"
        },
        {
          "label": "Mailing Street",
          "value": "MailingStreet"
        },
        {
          "label": "Mailing City",
          "value": "MailingCity"
        },
        {
          "label": "Mailing State/Province",
          "value": "MailingState"
        },
        {
          "label": "Mailing Zip/Postal Code",
          "value": "MailingPostalCode"
        },
        {
          "label": "Mailing Country",
          "value": "MailingCountry"
        },
        {
          "label": "Mailing Latitude",
          "value": "MailingLatitude"
        },
        {
          "label": "Mailing Longitude",
          "value": "MailingLongitude"
        },
        {
          "label": "Mailing Geocode Accuracy",
          "value": "MailingGeocodeAccuracy"
        },
        {
          "label": "Mailing Address",
          "value": "MailingAddress"
        },
        {
          "label": "Business Phone",
          "value": "Phone"
        },
        {
          "label": "Business Fax",
          "value": "Fax"
        },
        {
          "label": "Mobile Phone",
          "value": "MobilePhone"
        },
        {
          "label": "Home Phone",
          "value": "HomePhone"
        },
        {
          "label": "Other Phone",
          "value": "OtherPhone"
        },
        {
          "label": "Asst. Phone",
          "value": "AssistantPhone"
        },
        {
          "label": "Reports To ID",
          "value": "ReportsToId"
        },
        {
          "label": "Email",
          "value": "Email"
        },
        {
          "label": "Title",
          "value": "Title"
        },
        {
          "label": "Department",
          "value": "Department"
        },
        {
          "label": "Assistant's Name",
          "value": "AssistantName"
        },
        {
          "label": "Lead Source",
          "value": "LeadSource"
        },
        {
          "label": "Birthdate",
          "value": "Birthdate"
        },
        {
          "label": "Contact Description",
          "value": "Description"
        },
        {
          "label": "Contact Currency",
          "value": "CurrencyIsoCode"
        },
        {
          "label": "Owner ID",
          "value": "OwnerId"
        },
        {
          "label": "Created Date",
          "value": "CreatedDate"
        },
        {
          "label": "Created By ID",
          "value": "CreatedById"
        },
        {
          "label": "Last Modified Date",
          "value": "LastModifiedDate"
        },
        {
          "label": "Last Modified By ID",
          "value": "LastModifiedById"
        },
        {
          "label": "System Modstamp",
          "value": "SystemModstamp"
        },
        {
          "label": "Last Activity",
          "value": "LastActivityDate"
        },
        {
          "label": "Last Stay-in-Touch Request Date",
          "value": "LastCURequestDate"
        },
        {
          "label": "Last Stay-in-Touch Save Date",
          "value": "LastCUUpdateDate"
        },
        {
          "label": "Last Viewed Date",
          "value": "LastViewedDate"
        },
        {
          "label": "Last Referenced Date",
          "value": "LastReferencedDate"
        },
        {
          "label": "Email Bounced Reason",
          "value": "EmailBouncedReason"
        },
        {
          "label": "Email Bounced Date",
          "value": "EmailBouncedDate"
        },
        {
          "label": "Is Email Bounced",
          "value": "IsEmailBounced"
        },
        {
          "label": "Photo URL",
          "value": "PhotoUrl"
        },
        {
          "label": "Data.com Key",
          "value": "Jigsaw"
        },
        {
          "label": "Jigsaw Contact ID",
          "value": "JigsawContactId"
        },
        {
          "label": "Clean Status",
          "value": "CleanStatus"
        },
        {
          "label": "Individual ID",
          "value": "IndividualId"
        },
        {
          "label": "Level",
          "value": "Level__c"
        },
        {
          "label": "Languages",
          "value": "Languages__c"
        }
      ]
    },
    "toggleCfg": {
    },
    "input": {
      "sobject_name": "Contact",
      "since_offset": "-3600",
      "field_list": "Id\nIsDeleted\nMasterRecordId\nAccountId\nLastName\nFirstName\nSalutation\nName\nOtherStreet\nOtherCity\nOtherState\nOtherPostalCode\nOtherCountry\nOtherLatitude\nOtherLongitude\nOtherGeocodeAccuracy\nOtherAddress\nMailingStreet\nMailingCity\nMailingState\nMailingPostalCode\nMailingCountry\nMailingLatitude\nMailingLongitude\nMailingGeocodeAccuracy\nMailingAddress\nPhone\nFax\nMobilePhone\nHomePhone\nOtherPhone\nAssistantPhone\nReportsToId\nEmail\nTitle\nDepartment\nAssistantName\nLeadSource\nBirthdate\nDescription\nCurrencyIsoCode\nOwnerId\nCreatedDate\nCreatedById\nLastModifiedDate\nLastModifiedById\nSystemModstamp\nLastActivityDate\nLastCURequestDate\nLastCUUpdateDate\nLastViewedDate\nLastReferencedDate\nEmailBouncedReason\nEmailBouncedDate\nIsEmailBounced\nPhotoUrl\nJigsaw\nJigsawContactId\nCleanStatus\nIndividualId\nLevel__c\nLanguages__c"
    },
    "extended_output_schema": [
      {
        "control_type": "text",
        "custom": false,
        "label": "Account ID",
        "name": "AccountId",
        "optional": true,
        "type": "string",
        "sfdc_createable": true,
        "sfdc_updateable": true
      },
      {
        "control_type": "text",
        "custom": false,
        "label": "Assistant's Name",
        "name": "AssistantName",
        "optional": true,
        "type": "string",
        "sfdc_createable": true,
        "sfdc_updateable": true
      },
      {
        "control_type": "phone",
        "custom": false,
        "label": "Asst. Phone",
        "name": "AssistantPhone",
        "optional": true,
        "type": "string",
        "sfdc_createable": true,
        "sfdc_updateable": true
      },
      {
        "control_type": "date",
        "custom": false,
        "label": "Birthdate",
        "name": "Birthdate",
        "optional": true,
        "type": "date_time",
        "parse_output": "parse_iso8601_date",
        "render_input": "render_iso8601_date",
        "sfdc_createable": true,
        "sfdc_updateable": true
      },
      {
        "control_type": "phone",
        "custom": false,
        "label": "Business Fax",
        "name": "Fax",
        "optional": true,
        "type": "string",
        "sfdc_createable": true,
        "sfdc_updateable": true
      },
      {
        "control_type": "phone",
        "custom": false,
        "label": "Business Phone",
        "name": "Phone",
        "optional": true,
        "type": "string",
        "sfdc_createable": true,
        "sfdc_updateable": true
      },
      {
        "control_type": "select",
        "custom": false,
        "label": "Clean Status",
        "name": "CleanStatus",
        "optional": true,
        "pick_list": "sobject_field_values_list",
        "pick_list_params": {
          "sobject_name": "\"Contact\""
        },
        "toggle_field": {
          "control_type": "text",
          "label": "Clean Status",
          "toggle_hint": "Enter custom value",
          "optional": true,
          "custom": false,
          "sfdc_createable": true,
          "sfdc_updateable": true,
          "type": "string",
          "name": "CleanStatus"
        },
        "toggle_hint": "Select from list",
        "type": "string",
        "sfdc_createable": true,
        "sfdc_updateable": true
      },
      {
        "control_type": "select",
        "custom": false,
        "label": "Contact Currency",
        "name": "CurrencyIsoCode",
        "optional": true,
        "pick_list": "sobject_field_values_list",
        "pick_list_params": {
          "sobject_name": "\"Contact\""
        },
        "toggle_field": {
          "control_type": "text",
          "label": "Contact Currency",
          "toggle_hint": "Enter custom value",
          "optional": true,
          "custom": false,
          "sfdc_createable": true,
          "sfdc_updateable": true,
          "type": "string",
          "name": "CurrencyIsoCode"
        },
        "toggle_hint": "Select from list",
        "type": "string",
        "sfdc_createable": true,
        "sfdc_updateable": true
      },
      {
        "control_type": "text-area",
        "custom": false,
        "label": "Contact Description",
        "name": "Description",
        "optional": true,
        "type": "string",
        "sfdc_createable": true,
        "sfdc_updateable": true
      },
      {
        "control_type": "text",
        "custom": false,
        "label": "Contact ID",
        "name": "Id",
        "optional": true,
        "type": "string",
        "key_scope": "Contact",
        "sfdc_createable": false,
        "sfdc_updateable": false
      },
      {
        "control_type": "text",
        "custom": false,
        "label": "Created By ID",
        "name": "CreatedById",
        "optional": true,
        "type": "string",
        "sfdc_createable": false,
        "sfdc_updateable": false
      },
      {
        "control_type": "date_time",
        "custom": false,
        "label": "Created Date",
        "name": "CreatedDate",
        "optional": true,
        "type": "date_time",
        "parse_output": "parse_iso8601_timestamp",
        "render_input": "render_iso8601_timestamp",
        "sfdc_createable": false,
        "sfdc_updateable": false
      },
      {
        "control_type": "text",
        "custom": false,
        "label": "Data.com Key",
        "name": "Jigsaw",
        "optional": true,
        "type": "string",
        "sfdc_createable": true,
        "sfdc_updateable": true
      },
      {
        "control_type": "checkbox",
        "custom": false,
        "label": "Deleted",
        "name": "IsDeleted",
        "optional": true,
        "toggle_field": {
          "label": "Deleted",
          "control_type": "text",
          "toggle_hint": "Use custom value",
          "optional": true,
          "custom": false,
          "sfdc_createable": false,
          "sfdc_updateable": false,
          "type": "boolean",
          "name": "IsDeleted"
        },
        "toggle_hint": "Select from option list",
        "type": "boolean",
        "parse_output": {
        },
        "render_input": {
        },
        "sfdc_createable": false,
        "sfdc_updateable": false
      },
      {
        "control_type": "text",
        "custom": false,
        "label": "Department",
        "name": "Department",
        "optional": true,
        "type": "string",
        "sfdc_createable": true,
        "sfdc_updateable": true
      },
      {
        "control_type": "text",
        "custom": false,
        "label": "Email",
        "name": "Email",
        "optional": true,
        "type": "string",
        "sfdc_createable": true,
        "sfdc_updateable": true
      },
      {
        "control_type": "date_time",
        "custom": false,
        "label": "Email Bounced Date",
        "name": "EmailBouncedDate",
        "optional": true,
        "type": "date_time",
        "parse_output": "parse_iso8601_timestamp",
        "render_input": "render_iso8601_timestamp",
        "sfdc_createable": true,
        "sfdc_updateable": true
      },
      {
        "control_type": "text",
        "custom": false,
        "label": "Email Bounced Reason",
        "name": "EmailBouncedReason",
        "optional": true,
        "type": "string",
        "sfdc_createable": true,
        "sfdc_updateable": true
      },
      {
        "control_type": "text",
        "custom": false,
        "label": "First Name",
        "name": "FirstName",
        "optional": true,
        "type": "string",
        "sfdc_createable": true,
        "sfdc_updateable": true
      },
      {
        "control_type": "text",
        "custom": false,
        "label": "Full Name",
        "name": "Name",
        "type": "string",
        "event_title": true,
        "sfdc_createable": false,
        "sfdc_updateable": false
      },
      {
        "control_type": "phone",
        "custom": false,
        "label": "Home Phone",
        "name": "HomePhone",
        "optional": true,
        "type": "string",
        "sfdc_createable": true,
        "sfdc_updateable": true
      },
      {
        "control_type": "text",
        "custom": false,
        "label": "Individual ID",
        "name": "IndividualId",
        "optional": true,
        "type": "string",
        "sfdc_createable": true,
        "sfdc_updateable": true
      },
      {
        "control_type": "checkbox",
        "custom": false,
        "label": "Is Email Bounced",
        "name": "IsEmailBounced",
        "optional": true,
        "toggle_field": {
          "label": "Is Email Bounced",
          "control_type": "text",
          "toggle_hint": "Use custom value",
          "optional": true,
          "custom": false,
          "sfdc_createable": false,
          "sfdc_updateable": false,
          "type": "boolean",
          "name": "IsEmailBounced"
        },
        "toggle_hint": "Select from option list",
        "type": "boolean",
        "parse_output": {
        },
        "render_input": {
        },
        "sfdc_createable": false,
        "sfdc_updateable": false
      },
      {
        "control_type": "text",
        "custom": false,
        "label": "Jigsaw Contact ID",
        "name": "JigsawContactId",
        "optional": true,
        "type": "string",
        "sfdc_createable": false,
        "sfdc_updateable": false
      },
      {
        "control_type": "date",
        "custom": false,
        "label": "Last Activity",
        "name": "LastActivityDate",
        "optional": true,
        "type": "date_time",
        "parse_output": "parse_iso8601_date",
        "render_input": "render_iso8601_date",
        "sfdc_createable": false,
        "sfdc_updateable": false
      },
      {
        "control_type": "text",
        "custom": false,
        "label": "Last Modified By ID",
        "name": "LastModifiedById",
        "optional": true,
        "type": "string",
        "sfdc_createable": false,
        "sfdc_updateable": false
      },
      {
        "control_type": "date_time",
        "custom": false,
        "label": "Last Modified Date",
        "name": "LastModifiedDate",
        "optional": true,
        "type": "date_time",
        "parse_output": "parse_iso8601_timestamp",
        "render_input": "render_iso8601_timestamp",
        "sfdc_createable": false,
        "sfdc_updateable": false
      },
      {
        "control_type": "text",
        "custom": false,
        "label": "Last Name",
        "name": "LastName",
        "type": "string",
        "sfdc_createable": true,
        "sfdc_updateable": true
      },
      {
        "control_type": "date_time",
        "custom": false,
        "label": "Last Referenced Date",
        "name": "LastReferencedDate",
        "optional": true,
        "type": "date_time",
        "parse_output": "parse_iso8601_timestamp",
        "render_input": "render_iso8601_timestamp",
        "sfdc_createable": false,
        "sfdc_updateable": false
      },
      {
        "control_type": "date_time",
        "custom": false,
        "label": "Last Stay-in-Touch Request Date",
        "name": "LastCURequestDate",
        "optional": true,
        "type": "date_time",
        "parse_output": "parse_iso8601_timestamp",
        "render_input": "render_iso8601_timestamp",
        "sfdc_createable": false,
        "sfdc_updateable": false
      },
      {
        "control_type": "date_time",
        "custom": false,
        "label": "Last Stay-in-Touch Save Date",
        "name": "LastCUUpdateDate",
        "optional": true,
        "type": "date_time",
        "parse_output": "parse_iso8601_timestamp",
        "render_input": "render_iso8601_timestamp",
        "sfdc_createable": false,
        "sfdc_updateable": false
      },
      {
        "control_type": "date_time",
        "custom": false,
        "label": "Last Viewed Date",
        "name": "LastViewedDate",
        "optional": true,
        "type": "date_time",
        "parse_output": "parse_iso8601_timestamp",
        "render_input": "render_iso8601_timestamp",
        "sfdc_createable": false,
        "sfdc_updateable": false
      },
      {
        "control_type": "select",
        "custom": false,
        "label": "Lead Source",
        "name": "LeadSource",
        "optional": true,
        "pick_list": "sobject_field_values_list",
        "pick_list_params": {
          "sobject_name": "\"Contact\""
        },
        "toggle_field": {
          "control_type": "text",
          "label": "Lead Source",
          "toggle_hint": "Enter custom value",
          "optional": true,
          "custom": false,
          "sfdc_createable": true,
          "sfdc_updateable": true,
          "type": "string",
          "name": "LeadSource"
        },
        "toggle_hint": "Select from list",
        "type": "string",
        "sfdc_createable": true,
        "sfdc_updateable": true
      },
      {
        "custom": false,
        "label": "Mailing Address",
        "name": "MailingAddress",
        "optional": true,
        "properties": [
          {
            "control_type": "text",
            "label": "City",
            "type": "string",
            "name": "city"
          },
          {
            "control_type": "text",
            "label": "Country",
            "type": "string",
            "name": "country"
          },
          {
            "control_type": "text",
            "label": "Country code",
            "type": "string",
            "name": "countryCode"
          },
          {
            "control_type": "text",
            "label": "Geocode accuracy",
            "type": "string",
            "name": "geocodeAccuracy"
          },
          {
            "control_type": "text",
            "label": "Latitude",
            "type": "string",
            "name": "latitude"
          },
          {
            "control_type": "text",
            "label": "Longitude",
            "type": "string",
            "name": "longitude"
          },
          {
            "control_type": "text",
            "label": "Postal code",
            "type": "string",
            "name": "postalCode"
          },
          {
            "control_type": "text",
            "label": "State",
            "type": "string",
            "name": "state"
          },
          {
            "control_type": "text",
            "label": "State code",
            "type": "string",
            "name": "stateCode"
          },
          {
            "control_type": "text",
            "label": "Street",
            "type": "string",
            "name": "street"
          }
        ],
        "type": "object",
        "sdfc_address_attribute": true,
        "sfdc_createable": false,
        "sfdc_updateable": false
      },
      {
        "control_type": "text",
        "custom": false,
        "label": "Mailing City",
        "name": "MailingCity",
        "optional": true,
        "type": "string",
        "sfdc_createable": true,
        "sfdc_updateable": true
      },
      {
        "control_type": "text",
        "custom": false,
        "label": "Mailing Country",
        "name": "MailingCountry",
        "optional": true,
        "type": "string",
        "sfdc_createable": true,
        "sfdc_updateable": true
      },
      {
        "control_type": "select",
        "custom": false,
        "label": "Mailing Geocode Accuracy",
        "name": "MailingGeocodeAccuracy",
        "optional": true,
        "pick_list": "sobject_field_values_list",
        "pick_list_params": {
          "sobject_name": "\"Contact\""
        },
        "toggle_field": {
          "control_type": "text",
          "label": "Mailing Geocode Accuracy",
          "toggle_hint": "Enter custom value",
          "optional": true,
          "custom": false,
          "sfdc_createable": true,
          "sfdc_updateable": true,
          "type": "string",
          "name": "MailingGeocodeAccuracy"
        },
        "toggle_hint": "Select from list",
        "type": "string",
        "sfdc_createable": true,
        "sfdc_updateable": true
      },
      {
        "control_type": "number",
        "custom": false,
        "label": "Mailing Latitude",
        "name": "MailingLatitude",
        "optional": true,
        "type": "number",
        "parse_output": "float_conversion",
        "sfdc_createable": true,
        "sfdc_updateable": true
      },
      {
        "control_type": "number",
        "custom": false,
        "label": "Mailing Longitude",
        "name": "MailingLongitude",
        "optional": true,
        "type": "number",
        "parse_output": "float_conversion",
        "sfdc_createable": true,
        "sfdc_updateable": true
      },
      {
        "control_type": "text",
        "custom": false,
        "label": "Mailing State/Province",
        "name": "MailingState",
        "optional": true,
        "type": "string",
        "sfdc_createable": true,
        "sfdc_updateable": true
      },
      {
        "control_type": "text-area",
        "custom": false,
        "label": "Mailing Street",
        "name": "MailingStreet",
        "optional": true,
        "type": "string",
        "sfdc_createable": true,
        "sfdc_updateable": true
      },
      {
        "control_type": "text",
        "custom": false,
        "label": "Mailing Zip/Postal Code",
        "name": "MailingPostalCode",
        "optional": true,
        "type": "string",
        "sfdc_createable": true,
        "sfdc_updateable": true
      },
      {
        "control_type": "text",
        "custom": false,
        "label": "Master Record ID",
        "name": "MasterRecordId",
        "optional": true,
        "type": "string",
        "sfdc_createable": false,
        "sfdc_updateable": false
      },
      {
        "control_type": "phone",
        "custom": false,
        "label": "Mobile Phone",
        "name": "MobilePhone",
        "optional": true,
        "type": "string",
        "sfdc_createable": true,
        "sfdc_updateable": true
      },
      {
        "custom": false,
        "label": "Other Address",
        "name": "OtherAddress",
        "optional": true,
        "properties": [
          {
            "control_type": "text",
            "label": "City",
            "type": "string",
            "name": "city"
          },
          {
            "control_type": "text",
            "label": "Country",
            "type": "string",
            "name": "country"
          },
          {
            "control_type": "text",
            "label": "Country code",
            "type": "string",
            "name": "countryCode"
          },
          {
            "control_type": "text",
            "label": "Geocode accuracy",
            "type": "string",
            "name": "geocodeAccuracy"
          },
          {
            "control_type": "text",
            "label": "Latitude",
            "type": "string",
            "name": "latitude"
          },
          {
            "control_type": "text",
            "label": "Longitude",
            "type": "string",
            "name": "longitude"
          },
          {
            "control_type": "text",
            "label": "Postal code",
            "type": "string",
            "name": "postalCode"
          },
          {
            "control_type": "text",
            "label": "State",
            "type": "string",
            "name": "state"
          },
          {
            "control_type": "text",
            "label": "State code",
            "type": "string",
            "name": "stateCode"
          },
          {
            "control_type": "text",
            "label": "Street",
            "type": "string",
            "name": "street"
          }
        ],
        "type": "object",
        "sdfc_address_attribute": true,
        "sfdc_createable": false,
        "sfdc_updateable": false
      },
      {
        "control_type": "text",
        "custom": false,
        "label": "Other City",
        "name": "OtherCity",
        "optional": true,
        "type": "string",
        "sfdc_createable": true,
        "sfdc_updateable": true
      },
      {
        "control_type": "text",
        "custom": false,
        "label": "Other Country",
        "name": "OtherCountry",
        "optional": true,
        "type": "string",
        "sfdc_createable": true,
        "sfdc_updateable": true
      },
      {
        "control_type": "select",
        "custom": false,
        "label": "Other Geocode Accuracy",
        "name": "OtherGeocodeAccuracy",
        "optional": true,
        "pick_list": "sobject_field_values_list",
        "pick_list_params": {
          "sobject_name": "\"Contact\""
        },
        "toggle_field": {
          "control_type": "text",
          "label": "Other Geocode Accuracy",
          "toggle_hint": "Enter custom value",
          "optional": true,
          "custom": false,
          "sfdc_createable": true,
          "sfdc_updateable": true,
          "type": "string",
          "name": "OtherGeocodeAccuracy"
        },
        "toggle_hint": "Select from list",
        "type": "string",
        "sfdc_createable": true,
        "sfdc_updateable": true
      },
      {
        "control_type": "number",
        "custom": false,
        "label": "Other Latitude",
        "name": "OtherLatitude",
        "optional": true,
        "type": "number",
        "parse_output": "float_conversion",
        "sfdc_createable": true,
        "sfdc_updateable": true
      },
      {
        "control_type": "number",
        "custom": false,
        "label": "Other Longitude",
        "name": "OtherLongitude",
        "optional": true,
        "type": "number",
        "parse_output": "float_conversion",
        "sfdc_createable": true,
        "sfdc_updateable": true
      },
      {
        "control_type": "phone",
        "custom": false,
        "label": "Other Phone",
        "name": "OtherPhone",
        "optional": true,
        "type": "string",
        "sfdc_createable": true,
        "sfdc_updateable": true
      },
      {
        "control_type": "text",
        "custom": false,
        "label": "Other State/Province",
        "name": "OtherState",
        "optional": true,
        "type": "string",
        "sfdc_createable": true,
        "sfdc_updateable": true
      },
      {
        "control_type": "text-area",
        "custom": false,
        "label": "Other Street",
        "name": "OtherStreet",
        "optional": true,
        "type": "string",
        "sfdc_createable": true,
        "sfdc_updateable": true
      },
      {
        "control_type": "text",
        "custom": false,
        "label": "Other Zip/Postal Code",
        "name": "OtherPostalCode",
        "optional": true,
        "type": "string",
        "sfdc_createable": true,
        "sfdc_updateable": true
      },
      {
        "control_type": "text",
        "custom": false,
        "label": "Owner ID",
        "name": "OwnerId",
        "optional": true,
        "type": "string",
        "sfdc_createable": true,
        "sfdc_updateable": true
      },
      {
        "control_type": "url",
        "custom": false,
        "label": "Photo URL",
        "name": "PhotoUrl",
        "optional": true,
        "type": "string",
        "sfdc_createable": false,
        "sfdc_updateable": false
      },
      {
        "control_type": "text",
        "custom": false,
        "label": "Reports To ID",
        "name": "ReportsToId",
        "optional": true,
        "type": "string",
        "sfdc_createable": true,
        "sfdc_updateable": true
      },
      {
        "control_type": "select",
        "custom": false,
        "label": "Salutation",
        "name": "Salutation",
        "optional": true,
        "pick_list": "sobject_field_values_list",
        "pick_list_params": {
          "sobject_name": "\"Contact\""
        },
        "toggle_field": {
          "control_type": "text",
          "label": "Salutation",
          "toggle_hint": "Enter custom value",
          "optional": true,
          "custom": false,
          "sfdc_createable": true,
          "sfdc_updateable": true,
          "type": "string",
          "name": "Salutation"
        },
        "toggle_hint": "Select from list",
        "type": "string",
        "sfdc_createable": true,
        "sfdc_updateable": true
      },
      {
        "control_type": "date_time",
        "custom": false,
        "label": "System Modstamp",
        "name": "SystemModstamp",
        "optional": true,
        "type": "date_time",
        "parse_output": "parse_iso8601_timestamp",
        "render_input": "render_iso8601_timestamp",
        "sfdc_createable": false,
        "sfdc_updateable": false
      },
      {
        "control_type": "text",
        "custom": false,
        "label": "Title",
        "name": "Title",
        "optional": true,
        "type": "string",
        "sfdc_createable": true,
        "sfdc_updateable": true
      },
      {
        "control_type": "text",
        "custom": true,
        "label": "Languages",
        "name": "Languages__c",
        "optional": true,
        "type": "string",
        "sfdc_createable": true,
        "sfdc_updateable": true
      },
      {
        "control_type": "select",
        "custom": true,
        "label": "Level",
        "name": "Level__c",
        "optional": true,
        "pick_list": "sobject_field_values_list",
        "pick_list_params": {
          "sobject_name": "\"Contact\""
        },
        "toggle_field": {
          "control_type": "text",
          "label": "Level",
          "toggle_hint": "Enter custom value",
          "optional": true,
          "custom": true,
          "sfdc_createable": true,
          "sfdc_updateable": true,
          "type": "string",
          "name": "Level__c"
        },
        "toggle_hint": "Select from list",
        "type": "string",
        "sfdc_createable": true,
        "sfdc_updateable": true
      },
      {
        "label": "Combined attachments",
        "name": "CombinedAttachments",
        "properties": [
          {
            "control_type": "number",
            "label": "Total size",
            "parse_output": "integer_conversion",
            "type": "integer",
            "name": "totalSize"
          },
          {
            "name": "records",
            "type": "array",
            "of": "object",
            "label": "Files",
            "properties": [
              {
                "control_type": "text",
                "label": "ID",
                "type": "string",
                "name": "Id"
              },
              {
                "control_type": "number",
                "label": "Content size",
                "parse_output": "integer_conversion",
                "type": "integer",
                "name": "ContentSize"
              },
              {
                "control_type": "url",
                "label": "Content URL",
                "type": "string",
                "name": "ContentUrl"
              },
              {
                "control_type": "text",
                "label": "File extension",
                "type": "string",
                "name": "FileExtension"
              },
              {
                "control_type": "text",
                "label": "File type",
                "type": "string",
                "name": "FileType"
              },
              {
                "control_type": "text",
                "label": "Parent ID",
                "type": "string",
                "name": "ParentId"
              },
              {
                "control_type": "text",
                "label": "Record type",
                "type": "string",
                "name": "RecordType"
              },
              {
                "control_type": "text",
                "label": "Title",
                "type": "string",
                "name": "Title"
              }
            ]
          }
        ],
        "type": "object",
        "sfdc_field_type": "CombinedAttachment"
      }
    ],
    "extended_input_schema": [
      {
        "control_type": "select",
        "default": -3600,
        "hint": "When starting the recipe for the first time, picks up Salesforce records from the specified date and time. <b>Once the recipe has been run or tested, this value cannot be changed.</b>",
        "label": "When first started, this recipe should pick up events from",
        "name": "since_offset",
        "pick_list": [
          [
            "Recipe start",
            0
          ],
          [
            "An hour ago",
            -3600
          ],
          [
            "Yesterday",
            -86400
          ],
          [
            "Last week",
            -604800
          ],
          [
            "Last month",
            -2629746
          ],
          [
            "Beginning of time",
            "no_limit"
          ]
        ],
        "since_field": true,
        "toggle_field": {
          "control_type": "date_time",
          "label": "When first started, this recipe should pick up events from",
          "render_input": "convert_date_time",
          "parse_output": "convert_date_time",
          "toggle_hint": "Enter custom value",
          "since_field": true,
          "hint": "When starting the recipe for the first time, picks up Salesforce records from the specified date and time. <b>Once the recipe has been run or tested, this value cannot be changed.</b>",
          "type": "date_time",
          "name": "since"
        },
        "toggle_hint": "Select from list",
        "type": "string"
      }
    ],
    "block": [
      {
        "number": 1,
        "provider": "kafka",
        "name": "publish_to_topic",
        "as": "0e1e880e",
        "title": null,
        "description": null,
        "keyword": "action",
        "dynamicPickListSelection": {
          "topic": "workato",
          "workato_schema_id": "Salesforce"
        },
        "toggleCfg": {
          "topic": true
        },
        "input": {
          "topic": "workato",
          "workato_schema_id": {
            "zip_name": "salesforce.workato_schema.json",
            "name": "Salesforce",
            "folder": ""
          },
          "message": {
            "email": "#{_('data.salesforce.0746d360.Email')}",
            "address": "#{_('data.salesforce.0746d360.MailingAddress.street')}#{_('data.salesforce.0746d360.MailingAddress.country')}#{_('data.salesforce.0746d360.MailingAddress.city')}#{_('data.salesforce.0746d360.MailingAddress.stateCode')}#{_('data.salesforce.0746d360.MailingAddress.postalCode')}#{_('data.salesforce.0746d360.MailingAddress.countryCode')}",
            "mobilephone": "#{_('data.salesforce.0746d360.MobilePhone')}",
            "fullname": "#{_('data.salesforce.0746d360.FirstName')} #{_('data.salesforce.0746d360.LastName')}"
          },
          "schema_source": "workato"
        },
        "extended_input_schema": [
          {
            "label": "Message",
            "name": "message",
            "properties": [
              {
                "control_type": "text",
                "label": "Fullname",
                "name": "fullname",
                "type": "string",
                "optional": false
              },
              {
                "control_type": "text",
                "label": "Contactid",
                "name": "contactid",
                "type": "string",
                "optional": true
              },
              {
                "control_type": "text",
                "label": "Createddate",
                "name": "createddate",
                "type": "string",
                "optional": true
              },
              {
                "control_type": "text",
                "label": "Email",
                "name": "email",
                "type": "string",
                "optional": false
              },
              {
                "control_type": "text",
                "label": "Address",
                "name": "address",
                "type": "string",
                "optional": true
              },
              {
                "control_type": "text",
                "label": "Mobilephone",
                "name": "mobilephone",
                "type": "string",
                "optional": true
              }
            ],
            "type": "object"
          },
          {
            "control_type": "text",
            "hint": "Message key, to be stored with the message.\n                   A key can be used by Kafka for selecting an appropriate topic partition\n                   (when partition is not assigned explicitly). Only string keys are supported.",
            "label": "Key",
            "name": "key",
            "optional": true,
            "sticky": true,
            "type": "string"
          },
          {
            "control_type": "integer",
            "hint": "You can explicitly publish message to the specific topic partition\n                    (index starts from 0). Otherwise Kafka will select partition automatically.",
            "label": "Partition",
            "name": "partition",
            "optional": true,
            "type": "integer",
            "parse_output": "integer_conversion"
          }
        ],
        "visible_config_fields": [
          "topic",
          "workato_schema_id",
          "key",
          "message",
          "message.firstname",
          "message.lastname",
          "message.email",
          "message.phone",
          "message.titile",
          "partition",
          "message.address",
          "message.jobtitle",
          "message.accountname",
          "message.businessphone",
          "message.mobilephone"
        ],
        "comment": "Will publish a message in Kafka following the salesforce_contact common data model using the Salesforce trigger datapills",
        "uuid": "97637919-4610-4730-9958-fb0e8adc8342",
        "skip": false
      }
    ],
    "uuid": "fee58f83-0128-440f-928e-300e25a34b59"
  },
  "config": [
    {
      "keyword": "application",
      "provider": "kafka",
      "account_id": {
        "zip_name": "my_second_apache_kafka_account.connection.json",
        "name": "My second Apache Kafka account",
        "folder": ""
      },
      "skip_validation": false
    },
    {
      "keyword": "application",
      "provider": "salesforce",
      "skip_validation": false,
      "account_id": {
        "zip_name": "Customers/ashwin_salesforce_account.connection.json",
        "name": "Ashwin Salesforce account",
        "folder": "Customers"
      }
    }
  ]
}