{
  "name": "Salesforce <> Private Connector",
  "description": "When there is a trigger event, do action",
  "version": 3,
  "private": true,
  "concurrency": 1,
  "code": {
    "number": 0,
    "provider": "salesforce",
    "name": "updated_custom_object",
    "as": "50a09f7a",
    "title": "New/updated Opportunity",
    "description": "New/updated <span class=\"provider\">Opportunity</span> in <span class=\"provider\">Salesforce</span>",
    "keyword": "trigger",
    "dynamicPickListSelection": {
      "sobject_name": "Opportunity"
    },
    "toggleCfg": {
    },
    "input": {
      "sobject_name": "Opportunity",
      "since_offset": "-3600"
    },
    "extended_output_schema": [
      {
        "control_type": "text",
        "custom": false,
        "fetch_with": "get_custom_object(id, sobject_name: Account)",
        "label": "Account ID",
        "name": "AccountId",
        "optional": true,
        "type": "string",
        "foreign_key": "Account",
        "join_point_label": "Account",
        "sfdc_createable": true,
        "sfdc_updateable": true
      },
      {
        "fetch_with": "get_custom_object(AccountId>id, sobject_name: Account)",
        "join_point": true,
        "label": "Account",
        "name": "get_custom_object+AccountId",
        "properties": [

        ],
        "type": "object"
      },
      {
        "control_type": "number",
        "custom": false,
        "label": "Amount",
        "name": "Amount",
        "optional": true,
        "parse_output": "float_conversion",
        "type": "number",
        "sfdc_createable": true,
        "sfdc_updateable": true
      },
      {
        "control_type": "text",
        "custom": false,
        "fetch_with": "get_custom_object(id, sobject_name: Campaign)",
        "label": "Campaign ID",
        "name": "CampaignId",
        "optional": true,
        "type": "string",
        "foreign_key": "Campaign",
        "join_point_label": "Campaign",
        "sfdc_createable": true,
        "sfdc_updateable": true
      },
      {
        "fetch_with": "get_custom_object(CampaignId>id, sobject_name: Campaign)",
        "join_point": true,
        "label": "Campaign",
        "name": "get_custom_object+CampaignId",
        "properties": [

        ],
        "type": "object"
      },
      {
        "control_type": "date",
        "custom": false,
        "label": "Close Date",
        "name": "CloseDate",
        "parse_output": "parse_iso8601_date",
        "type": "date_time",
        "render_input": "render_iso8601_date",
        "sfdc_createable": true,
        "sfdc_updateable": true
      },
      {
        "control_type": "checkbox",
        "custom": false,
        "label": "Closed",
        "name": "IsClosed",
        "optional": true,
        "parse_output": {
        },
        "toggle_field": {
          "label": "Closed",
          "control_type": "text",
          "toggle_hint": "Use custom value",
          "optional": true,
          "custom": false,
          "sfdc_createable": false,
          "sfdc_updateable": false,
          "type": "boolean",
          "name": "IsClosed"
        },
        "toggle_hint": "Select from option list",
        "type": "boolean",
        "render_input": {
        },
        "sfdc_createable": false,
        "sfdc_updateable": false
      },
      {
        "control_type": "text",
        "custom": false,
        "label": "Contact ID",
        "name": "ContactId",
        "optional": true,
        "type": "string",
        "sfdc_createable": true,
        "sfdc_updateable": false
      },
      {
        "control_type": "text",
        "custom": false,
        "fetch_with": "get_custom_object(id, sobject_name: User)",
        "label": "Created By ID",
        "name": "CreatedById",
        "optional": true,
        "type": "string",
        "foreign_key": "User",
        "join_point_label": "Created  by",
        "sfdc_createable": false,
        "sfdc_updateable": false
      },
      {
        "fetch_with": "get_custom_object(CreatedById>id, sobject_name: User)",
        "join_point": true,
        "label": "Created  by",
        "name": "get_custom_object+CreatedById",
        "properties": [

        ],
        "type": "object"
      },
      {
        "control_type": "date_time",
        "custom": false,
        "label": "Created Date",
        "name": "CreatedDate",
        "optional": true,
        "parse_output": "parse_iso8601_timestamp",
        "type": "date_time",
        "render_input": "render_iso8601_timestamp",
        "sfdc_createable": false,
        "sfdc_updateable": false
      },
      {
        "control_type": "checkbox",
        "custom": false,
        "label": "Deleted",
        "name": "IsDeleted",
        "optional": true,
        "parse_output": {
        },
        "toggle_field": {
          "label": "Deleted",
          "control_type": "text",
          "toggle_hint": "Use custom value",
          "optional": true,
          "custom": false,
          "sfdc_createable": false,
          "sfdc_updateable": false,
          "type": "boolean",
          "name": "IsDeleted"
        },
        "toggle_hint": "Select from option list",
        "type": "boolean",
        "render_input": {
        },
        "sfdc_createable": false,
        "sfdc_updateable": false
      },
      {
        "control_type": "text-area",
        "custom": false,
        "label": "Description",
        "name": "Description",
        "optional": true,
        "type": "string",
        "sfdc_createable": true,
        "sfdc_updateable": true
      },
      {
        "control_type": "number",
        "custom": false,
        "label": "Expected Amount",
        "name": "ExpectedRevenue",
        "optional": true,
        "parse_output": "float_conversion",
        "type": "number",
        "sfdc_createable": false,
        "sfdc_updateable": false
      },
      {
        "control_type": "text",
        "custom": false,
        "label": "Fiscal Period",
        "name": "Fiscal",
        "optional": true,
        "type": "string",
        "sfdc_createable": false,
        "sfdc_updateable": false
      },
      {
        "control_type": "number",
        "custom": false,
        "label": "Fiscal Quarter",
        "name": "FiscalQuarter",
        "optional": true,
        "parse_output": "integer_conversion",
        "type": "integer",
        "sfdc_createable": false,
        "sfdc_updateable": false
      },
      {
        "control_type": "number",
        "custom": false,
        "label": "Fiscal Year",
        "name": "FiscalYear",
        "optional": true,
        "parse_output": "integer_conversion",
        "type": "integer",
        "sfdc_createable": false,
        "sfdc_updateable": false
      },
      {
        "control_type": "select",
        "custom": false,
        "label": "Forecast Category",
        "name": "ForecastCategory",
        "pick_list": "sobject_field_values_list",
        "pick_list_params": {
          "sobject_name": "\"Opportunity\"",
          "field_name": "\"ForecastCategory\""
        },
        "toggle_field": {
          "control_type": "text",
          "label": "Forecast Category",
          "toggle_hint": "Enter custom value",
          "custom": false,
          "sfdc_createable": false,
          "sfdc_updateable": false,
          "type": "string",
          "name": "ForecastCategory"
        },
        "toggle_hint": "Select from list",
        "type": "string",
        "sfdc_createable": false,
        "sfdc_updateable": false
      },
      {
        "control_type": "select",
        "custom": false,
        "label": "Forecast Category",
        "name": "ForecastCategoryName",
        "optional": true,
        "pick_list": "sobject_field_values_list",
        "pick_list_params": {
          "sobject_name": "\"Opportunity\"",
          "field_name": "\"ForecastCategoryName\""
        },
        "toggle_field": {
          "control_type": "text",
          "label": "Forecast Category",
          "toggle_hint": "Enter custom value",
          "optional": true,
          "custom": false,
          "sfdc_createable": true,
          "sfdc_updateable": true,
          "type": "string",
          "name": "ForecastCategoryName"
        },
        "toggle_hint": "Select from list",
        "type": "string",
        "sfdc_createable": true,
        "sfdc_updateable": true
      },
      {
        "control_type": "checkbox",
        "custom": false,
        "label": "Has Line Item",
        "name": "HasOpportunityLineItem",
        "optional": true,
        "parse_output": {
        },
        "toggle_field": {
          "label": "Has Line Item",
          "control_type": "text",
          "toggle_hint": "Use custom value",
          "optional": true,
          "custom": false,
          "sfdc_createable": false,
          "sfdc_updateable": false,
          "type": "boolean",
          "name": "HasOpportunityLineItem"
        },
        "toggle_hint": "Select from option list",
        "type": "boolean",
        "render_input": {
        },
        "sfdc_createable": false,
        "sfdc_updateable": false
      },
      {
        "control_type": "checkbox",
        "custom": false,
        "label": "Has Open Activity",
        "name": "HasOpenActivity",
        "optional": true,
        "parse_output": {
        },
        "toggle_field": {
          "label": "Has Open Activity",
          "control_type": "text",
          "toggle_hint": "Use custom value",
          "optional": true,
          "custom": false,
          "sfdc_createable": false,
          "sfdc_updateable": false,
          "type": "boolean",
          "name": "HasOpenActivity"
        },
        "toggle_hint": "Select from option list",
        "type": "boolean",
        "render_input": {
        },
        "sfdc_createable": false,
        "sfdc_updateable": false
      },
      {
        "control_type": "checkbox",
        "custom": false,
        "label": "Has Overdue Task",
        "name": "HasOverdueTask",
        "optional": true,
        "parse_output": {
        },
        "toggle_field": {
          "label": "Has Overdue Task",
          "control_type": "text",
          "toggle_hint": "Use custom value",
          "optional": true,
          "custom": false,
          "sfdc_createable": false,
          "sfdc_updateable": false,
          "type": "boolean",
          "name": "HasOverdueTask"
        },
        "toggle_hint": "Select from option list",
        "type": "boolean",
        "render_input": {
        },
        "sfdc_createable": false,
        "sfdc_updateable": false
      },
      {
        "control_type": "date",
        "custom": false,
        "label": "Last Activity",
        "name": "LastActivityDate",
        "optional": true,
        "parse_output": "parse_iso8601_date",
        "type": "date_time",
        "render_input": "render_iso8601_date",
        "sfdc_createable": false,
        "sfdc_updateable": false
      },
      {
        "control_type": "text",
        "custom": false,
        "fetch_with": "get_custom_object(id, sobject_name: User)",
        "label": "Last Modified By ID",
        "name": "LastModifiedById",
        "optional": true,
        "type": "string",
        "foreign_key": "User",
        "join_point_label": "Last  modified  by",
        "sfdc_createable": false,
        "sfdc_updateable": false
      },
      {
        "fetch_with": "get_custom_object(LastModifiedById>id, sobject_name: User)",
        "join_point": true,
        "label": "Last  modified  by",
        "name": "get_custom_object+LastModifiedById",
        "properties": [

        ],
        "type": "object"
      },
      {
        "control_type": "date_time",
        "custom": false,
        "label": "Last Modified Date",
        "name": "LastModifiedDate",
        "optional": true,
        "parse_output": "parse_iso8601_timestamp",
        "type": "date_time",
        "render_input": "render_iso8601_timestamp",
        "sfdc_createable": false,
        "sfdc_updateable": false
      },
      {
        "control_type": "date_time",
        "custom": false,
        "label": "Last Referenced Date",
        "name": "LastReferencedDate",
        "optional": true,
        "parse_output": "parse_iso8601_timestamp",
        "type": "date_time",
        "render_input": "render_iso8601_timestamp",
        "sfdc_createable": false,
        "sfdc_updateable": false
      },
      {
        "control_type": "date_time",
        "custom": false,
        "label": "Last Stage Change Date",
        "name": "LastStageChangeDate",
        "optional": true,
        "parse_output": "parse_iso8601_timestamp",
        "type": "date_time",
        "render_input": "render_iso8601_timestamp",
        "sfdc_createable": false,
        "sfdc_updateable": false
      },
      {
        "control_type": "date_time",
        "custom": false,
        "label": "Last Viewed Date",
        "name": "LastViewedDate",
        "optional": true,
        "parse_output": "parse_iso8601_timestamp",
        "type": "date_time",
        "render_input": "render_iso8601_timestamp",
        "sfdc_createable": false,
        "sfdc_updateable": false
      },
      {
        "control_type": "select",
        "custom": false,
        "label": "Lead Source",
        "name": "LeadSource",
        "optional": true,
        "pick_list": "sobject_field_values_list",
        "pick_list_params": {
          "sobject_name": "\"Opportunity\"",
          "field_name": "\"LeadSource\""
        },
        "toggle_field": {
          "control_type": "text",
          "label": "Lead Source",
          "toggle_hint": "Enter custom value",
          "optional": true,
          "custom": false,
          "sfdc_createable": true,
          "sfdc_updateable": true,
          "type": "string",
          "name": "LeadSource"
        },
        "toggle_hint": "Select from list",
        "type": "string",
        "sfdc_createable": true,
        "sfdc_updateable": true
      },
      {
        "control_type": "text",
        "custom": false,
        "label": "Name",
        "name": "Name",
        "type": "string",
        "event_title": true,
        "sfdc_createable": true,
        "sfdc_updateable": true
      },
      {
        "control_type": "text",
        "custom": false,
        "label": "Next Step",
        "name": "NextStep",
        "optional": true,
        "type": "string",
        "sfdc_createable": true,
        "sfdc_updateable": true
      },
      {
        "control_type": "select",
        "custom": false,
        "label": "Opportunity Currency",
        "name": "CurrencyIsoCode",
        "optional": true,
        "pick_list": "sobject_field_values_list",
        "pick_list_params": {
          "sobject_name": "\"Opportunity\"",
          "field_name": "\"CurrencyIsoCode\""
        },
        "toggle_field": {
          "control_type": "text",
          "label": "Opportunity Currency",
          "toggle_hint": "Enter custom value",
          "optional": true,
          "custom": false,
          "sfdc_createable": true,
          "sfdc_updateable": true,
          "type": "string",
          "name": "CurrencyIsoCode"
        },
        "toggle_hint": "Select from list",
        "type": "string",
        "sfdc_createable": true,
        "sfdc_updateable": true
      },
      {
        "control_type": "text",
        "custom": false,
        "fetch_with": "get_custom_object(id, sobject_name: OpportunityHistory)",
        "label": "Opportunity History ID",
        "name": "LastAmountChangedHistoryId",
        "optional": true,
        "type": "string",
        "foreign_key": "OpportunityHistory",
        "join_point_label": "Opportunity  history",
        "sfdc_createable": false,
        "sfdc_updateable": false
      },
      {
        "fetch_with": "get_custom_object(LastAmountChangedHistoryId>id, sobject_name: OpportunityHistory)",
        "join_point": true,
        "label": "Opportunity  history",
        "name": "get_custom_object+LastAmountChangedHistoryId",
        "properties": [

        ],
        "type": "object"
      },
      {
        "control_type": "text",
        "custom": false,
        "fetch_with": "get_custom_object(id, sobject_name: OpportunityHistory)",
        "label": "Opportunity History ID",
        "name": "LastCloseDateChangedHistoryId",
        "optional": true,
        "type": "string",
        "foreign_key": "OpportunityHistory",
        "join_point_label": "Opportunity  history",
        "sfdc_createable": false,
        "sfdc_updateable": false
      },
      {
        "fetch_with": "get_custom_object(LastCloseDateChangedHistoryId>id, sobject_name: OpportunityHistory)",
        "join_point": true,
        "label": "Opportunity  history",
        "name": "get_custom_object+LastCloseDateChangedHistoryId",
        "properties": [

        ],
        "type": "object"
      },
      {
        "control_type": "text",
        "custom": false,
        "label": "Opportunity ID",
        "name": "Id",
        "optional": true,
        "type": "string",
        "key_scope": "Opportunity",
        "sfdc_createable": false,
        "sfdc_updateable": false
      },
      {
        "control_type": "select",
        "custom": false,
        "label": "Opportunity Type",
        "name": "Type",
        "optional": true,
        "pick_list": "sobject_field_values_list",
        "pick_list_params": {
          "sobject_name": "\"Opportunity\"",
          "field_name": "\"Type\""
        },
        "toggle_field": {
          "control_type": "text",
          "label": "Opportunity Type",
          "toggle_hint": "Enter custom value",
          "optional": true,
          "custom": false,
          "sfdc_createable": true,
          "sfdc_updateable": true,
          "type": "string",
          "name": "Type"
        },
        "toggle_hint": "Select from list",
        "type": "string",
        "sfdc_createable": true,
        "sfdc_updateable": true
      },
      {
        "control_type": "text",
        "custom": false,
        "fetch_with": "get_custom_object(id, sobject_name: User)",
        "label": "Owner ID",
        "name": "OwnerId",
        "optional": true,
        "type": "string",
        "foreign_key": "User",
        "join_point_label": "Owner",
        "sfdc_createable": true,
        "sfdc_updateable": true
      },
      {
        "fetch_with": "get_custom_object(OwnerId>id, sobject_name: User)",
        "join_point": true,
        "label": "Owner",
        "name": "get_custom_object+OwnerId",
        "properties": [

        ],
        "type": "object"
      },
      {
        "control_type": "text",
        "custom": false,
        "fetch_with": "get_custom_object(id, sobject_name: Pricebook2)",
        "label": "Price Book ID",
        "name": "Pricebook2Id",
        "optional": true,
        "type": "string",
        "foreign_key": "Pricebook2",
        "join_point_label": "Price  book",
        "sfdc_createable": true,
        "sfdc_updateable": true
      },
      {
        "fetch_with": "get_custom_object(Pricebook2Id>id, sobject_name: Pricebook2)",
        "join_point": true,
        "label": "Price  book",
        "name": "get_custom_object+Pricebook2Id",
        "properties": [

        ],
        "type": "object"
      },
      {
        "control_type": "checkbox",
        "custom": false,
        "label": "Private",
        "name": "IsPrivate",
        "optional": true,
        "parse_output": {
        },
        "toggle_field": {
          "label": "Private",
          "control_type": "text",
          "toggle_hint": "Use custom value",
          "optional": true,
          "custom": false,
          "sfdc_createable": true,
          "sfdc_updateable": true,
          "type": "boolean",
          "name": "IsPrivate"
        },
        "toggle_hint": "Select from option list",
        "type": "boolean",
        "render_input": {
        },
        "sfdc_createable": true,
        "sfdc_updateable": true
      },
      {
        "control_type": "text",
        "custom": false,
        "label": "Probability (%)",
        "name": "Probability",
        "optional": true,
        "type": "string",
        "sfdc_createable": true,
        "sfdc_updateable": true
      },
      {
        "control_type": "number",
        "custom": false,
        "label": "Push Count",
        "name": "PushCount",
        "optional": true,
        "parse_output": "integer_conversion",
        "type": "integer",
        "sfdc_createable": false,
        "sfdc_updateable": false
      },
      {
        "control_type": "number",
        "custom": false,
        "label": "Quantity",
        "name": "TotalOpportunityQuantity",
        "optional": true,
        "parse_output": "float_conversion",
        "type": "number",
        "sfdc_createable": true,
        "sfdc_updateable": true
      },
      {
        "control_type": "select",
        "custom": false,
        "label": "Stage",
        "name": "StageName",
        "pick_list": "sobject_field_values_list",
        "pick_list_params": {
          "sobject_name": "\"Opportunity\"",
          "field_name": "\"StageName\""
        },
        "toggle_field": {
          "control_type": "text",
          "label": "Stage",
          "toggle_hint": "Enter custom value",
          "custom": false,
          "sfdc_createable": true,
          "sfdc_updateable": true,
          "type": "string",
          "name": "StageName"
        },
        "toggle_hint": "Select from list",
        "type": "string",
        "sfdc_createable": true,
        "sfdc_updateable": true
      },
      {
        "control_type": "date_time",
        "custom": false,
        "label": "System Modstamp",
        "name": "SystemModstamp",
        "optional": true,
        "parse_output": "parse_iso8601_timestamp",
        "type": "date_time",
        "render_input": "render_iso8601_timestamp",
        "sfdc_createable": false,
        "sfdc_updateable": false
      },
      {
        "control_type": "checkbox",
        "custom": false,
        "label": "Won",
        "name": "IsWon",
        "optional": true,
        "parse_output": {
        },
        "toggle_field": {
          "label": "Won",
          "control_type": "text",
          "toggle_hint": "Use custom value",
          "optional": true,
          "custom": false,
          "sfdc_createable": false,
          "sfdc_updateable": false,
          "type": "boolean",
          "name": "IsWon"
        },
        "toggle_hint": "Select from option list",
        "type": "boolean",
        "render_input": {
        },
        "sfdc_createable": false,
        "sfdc_updateable": false
      },
      {
        "control_type": "text",
        "custom": true,
        "label": "Cancellation Workflow",
        "name": "Cancellation_Workflow__c",
        "optional": true,
        "type": "string",
        "sfdc_createable": true,
        "sfdc_updateable": true
      },
      {
        "control_type": "text",
        "custom": true,
        "label": "Current Generator(s)",
        "name": "CurrentGenerators__c",
        "optional": true,
        "type": "string",
        "sfdc_createable": true,
        "sfdc_updateable": true
      },
      {
        "control_type": "select",
        "custom": true,
        "label": "Delivery/Installation Status",
        "name": "DeliveryInstallationStatus__c",
        "optional": true,
        "pick_list": "sobject_field_values_list",
        "pick_list_params": {
          "sobject_name": "\"Opportunity\"",
          "field_name": "\"DeliveryInstallationStatus__c\""
        },
        "toggle_field": {
          "control_type": "text",
          "label": "Delivery/Installation Status",
          "toggle_hint": "Enter custom value",
          "optional": true,
          "custom": true,
          "sfdc_createable": true,
          "sfdc_updateable": true,
          "type": "string",
          "name": "DeliveryInstallationStatus__c"
        },
        "toggle_hint": "Select from list",
        "type": "string",
        "sfdc_createable": true,
        "sfdc_updateable": true
      },
      {
        "control_type": "text",
        "custom": true,
        "label": "Main Competitor(s)",
        "name": "MainCompetitors__c",
        "optional": true,
        "type": "string",
        "sfdc_createable": true,
        "sfdc_updateable": true
      },
      {
        "control_type": "text",
        "custom": true,
        "label": "Order Number",
        "name": "OrderNumber__c",
        "optional": true,
        "type": "string",
        "sfdc_createable": true,
        "sfdc_updateable": true
      },
      {
        "control_type": "text",
        "custom": true,
        "label": "Tracking Number",
        "name": "TrackingNumber__c",
        "optional": true,
        "type": "string",
        "sfdc_createable": true,
        "sfdc_updateable": true
      },
      {
        "control_type": "text",
        "custom": true,
        "label": "customAshwin",
        "name": "customAshwin__c",
        "optional": true,
        "type": "string",
        "sfdc_createable": true,
        "sfdc_updateable": true
      },
      {
        "control_type": "text",
        "custom": true,
        "label": "demoCFWork",
        "name": "demoCFWork__c",
        "optional": true,
        "type": "string",
        "sfdc_createable": true,
        "sfdc_updateable": true
      },
      {
        "label": "Combined attachments",
        "name": "CombinedAttachments",
        "properties": [
          {
            "control_type": "number",
            "label": "Total size",
            "parse_output": "integer_conversion",
            "type": "integer",
            "name": "totalSize"
          },
          {
            "name": "records",
            "type": "array",
            "of": "object",
            "label": "Files",
            "properties": [
              {
                "control_type": "text",
                "label": "ID",
                "type": "string",
                "name": "Id"
              },
              {
                "control_type": "number",
                "label": "Content size",
                "parse_output": "integer_conversion",
                "type": "integer",
                "name": "ContentSize"
              },
              {
                "control_type": "url",
                "label": "Content URL",
                "type": "string",
                "name": "ContentUrl"
              },
              {
                "control_type": "text",
                "label": "File extension",
                "type": "string",
                "name": "FileExtension"
              },
              {
                "control_type": "text",
                "label": "File type",
                "type": "string",
                "name": "FileType"
              },
              {
                "control_type": "text",
                "label": "Parent ID",
                "type": "string",
                "name": "ParentId"
              },
              {
                "control_type": "text",
                "label": "Record type",
                "type": "string",
                "name": "RecordType"
              },
              {
                "control_type": "text",
                "label": "Title",
                "type": "string",
                "name": "Title"
              }
            ]
          }
        ],
        "type": "object",
        "sfdc_field_type": "CombinedAttachment"
      }
    ],
    "extended_input_schema": [
      {
        "control_type": "select",
        "default": -3600,
        "hint": "When starting the recipe for the first time, picks up Salesforce records from the specified date and time. <b>Once the recipe has been run or tested, this value cannot be changed.</b>",
        "label": "When first started, this recipe should pick up events from",
        "name": "since_offset",
        "pick_list": [
          [
            "Recipe start",
            0
          ],
          [
            "An hour ago",
            -3600
          ],
          [
            "Yesterday",
            -86400
          ],
          [
            "Last week",
            -604800
          ],
          [
            "Last month",
            -2629746
          ],
          [
            "Beginning of time",
            "no_limit"
          ]
        ],
        "since_field": true,
        "toggle_field": {
          "control_type": "date_time",
          "label": "When first started, this recipe should pick up events from",
          "render_input": "convert_date_time",
          "parse_output": "convert_date_time",
          "toggle_hint": "Enter custom value",
          "since_field": true,
          "hint": "When starting the recipe for the first time, picks up Salesforce records from the specified date and time. <b>Once the recipe has been run or tested, this value cannot be changed.</b>",
          "type": "date_time",
          "name": "since"
        },
        "toggle_hint": "Select from list",
        "type": "string"
      }
    ],
    "block": [
      {
        "number": 1,
        "provider": "360_learning_connector_374775_1667555658",
        "name": "",
        "as": "",
        "description": "",
        "keyword": "action",
        "dynamicPickListSelection": {
        },
        "toggleCfg": {
        },
        "input": {
        },
        "uuid": "0945853b-f77c-49f5-bc81-78297c134b91"
      },
      {
        "number": 2,
        "provider": "akeneo_3rd_connector_374775_1690198220",
        "name": "",
        "as": "",
        "description": "",
        "keyword": "action",
        "dynamicPickListSelection": {
        },
        "toggleCfg": {
        },
        "input": {
        },
        "uuid": "acf5e7ad-38d4-4498-b92f-e7dd4dc17062"
      },
      {
        "number": 3,
        "provider": "lookup_table",
        "name": "search_entries",
        "as": "6d89798d",
        "title": null,
        "description": "\n      Search\n      <span class=\"provider\">entries</span>\n      in\n      <span class=\"provider\">CICD | LT | ACL</span>\n      lookup table\n    ",
        "keyword": "action",
        "dynamicPickListSelection": {
          "lookup_table_id": "CICD | LT | ACL"
        },
        "toggleCfg": {
        },
        "input": {
          "lookup_table_id": {
            "zip_name": "cicd_lt_acl.lookup_table.json",
            "name": "CICD | LT | ACL",
            "folder": ""
          }
        },
        "extended_output_schema": [
          {
            "label": "Entries",
            "name": "entries",
            "of": "object",
            "properties": [
              {
                "control_type": "number",
                "label": "Entry ID",
                "parse_output": "integer_conversion",
                "type": "integer",
                "name": "id"
              },
              {
                "properties": [
                  {
                    "control_type": "text",
                    "label": "User Email",
                    "name": "col1",
                    "type": "string",
                    "sticky": true
                  },
                  {
                    "control_type": "text",
                    "label": "Access",
                    "name": "col2",
                    "type": "string",
                    "sticky": true
                  }
                ],
                "label": "Entry",
                "type": "object",
                "name": "entry"
              }
            ],
            "type": "array"
          }
        ],
        "extended_input_schema": [
          {
            "hint": "Provide one or more entry fields to search the entry",
            "label": "Search by",
            "name": "parameters",
            "properties": [
              {
                "control_type": "text",
                "label": "User Email",
                "name": "col1",
                "type": "string",
                "sticky": true,
                "optional": true
              },
              {
                "control_type": "text",
                "label": "Access",
                "name": "col2",
                "type": "string",
                "sticky": true,
                "optional": true
              }
            ],
            "type": "object"
          }
        ],
        "uuid": "39bf3c3e-7fa0-4f87-9ec0-b6ce7d74a563"
      },
      {
        "number": 4,
        "provider": "logger",
        "name": "log_message",
        "as": "fad2e1c4",
        "title": null,
        "description": "Log <span class=\"provider\">message</span> to <span class=\"provider\">Job report</span>",
        "keyword": "action",
        "dynamicPickListSelection": {
        },
        "toggleCfg": {
        },
        "input": {
          "user_logs_enabled": "false"
        },
        "extended_input_schema": [
          {
            "control_type": "switch",
            "default": false,
            "disable_formula": true,
            "extends_schema": true,
            "hint": "                Send a copy of the message to Workato logs.\n                <a href=\"https://docs.workato.com/features/logging-service.html\" target=\"_blank\" class=\"ng-scope\">\n                  Learn more\n                </a>\n",
            "label": "Send to Workato log service",
            "name": "user_logs_enabled",
            "optional": true,
            "type": "string"
          }
        ],
        "uuid": "ec5f9d1f-8ab7-4074-ad71-52ea0d973e52"
      }
    ],
    "uuid": "234d8527-c520-4c6e-b709-4398d089df45",
    "unfinished": false
  },
  "config": [
    {
      "keyword": "application",
      "provider": "salesforce",
      "skip_validation": false,
      "account_id": {
        "zip_name": "Demo/my_seventeenth_salesforce_account.connection.json",
        "name": "My seventeenth Salesforce account",
        "folder": "Demo"
      }
    },
    {
      "keyword": "application",
      "provider": "360_learning_connector_374775_1667555658",
      "skip_validation": false,
      "account_id": null
    },
    {
      "keyword": "application",
      "provider": "akeneo_3rd_connector_374775_1690198220",
      "skip_validation": false,
      "account_id": null
    },
    {
      "keyword": "application",
      "provider": "logger",
      "skip_validation": false,
      "account_id": null
    },
    {
      "keyword": "application",
      "provider": "lookup_table",
      "skip_validation": false,
      "account_id": null
    }
  ]
}